date,window_id,returns,equity
2021-02-02,1,0.0,100000.0
2021-02-03,1,-0.0005720532221358265,99942.79467778641
2021-02-04,1,0.0037858224975366728,100321.16035834426
2021-02-05,1,0.001311890467803556,100452.77073233736
2021-02-08,1,0.0014254508385651565,100595.96121861396
2021-02-09,1,0.001557654543098863,100752.65497462354
2021-02-10,1,-0.004182077498368519,100331.29956335327
2021-02-11,1,0.002213389863990667,100553.3718448478
2021-02-12,1,0.0029488170553626514,100849.8853427181
2021-02-16,1,-0.0073285771147225676,100110.79918097307
2021-02-17,1,-0.004216472677146754,99688.68473153918
2021-02-18,1,-0.004759276709897509,99214.23869605604
2021-02-19,1,-0.004129804277261173,98804.50330872386
2021-02-22,1,-0.021201914404341604,96709.6586868088
2021-02-23,1,-0.0016642503715158519,96548.70960141013
2021-02-24,1,0.004366787887987389,96970.31733709837
2021-02-25,1,-0.027379151044193972,94315.35237192253
2021-02-26,1,0.0038344862571735305,94677.00329443315
2021-03-01,1,0.031929384570313024,97699.9817425859
2021-03-02,1,-0.005530155871351972,97159.68561492115
2021-03-03,1,-0.013492300355349873,95848.77795417327
2021-03-04,1,-0.009880170279373601,94901.77570691617
2021-03-05,1,0.016874808150186826,96503.22496508245
2021-03-08,1,-0.02118966704069436,94458.35375971913
2021-03-09,1,0.027166416597565357,97024.44874907586
2021-03-10,1,0.001786094875922295,97197.74361982578
2021-03-11,1,0.010192035059545912,98188.38643050779
2021-03-12,1,-0.0014398953384590074,98047.00543059569
2021-03-15,1,0.0007509947666413108,98120.63821855892
2021-03-16,1,0.00363217094623014,98477.02914992193
2021-03-17,1,0.00024997250692782025,98501.64569977333
2021-03-18,1,-0.013918404384040128,97130.65996243044
2021-03-19,1,-0.0011740054547538792,97016.6280378107
2021-03-22,1,0.010795623592666947,98063.9830363367
2021-03-23,1,-0.0005387495635595929,98011.15110827495
2021-03-24,1,-0.004736390955623615,97546.93197861545
2021-03-25,1,-0.0024423415641962043,97308.68905218427
2021-03-26,1,0.011486513893179895,98426.4266609093
2021-03-29,1,-0.0019003976637035347,98239.37730963623
2021-03-30,1,-0.005673118509051278,97682.05367990326
2021-03-31,1,0.006948725425576674,98360.81944993135
2021-04-01,1,0.01120066862218505,99462.5263939966
2021-04-05,1,0.021766156526912495,101627.4433120505
2021-04-06,1,-0.0004062581979121793,101586.1563300721
2021-04-07,1,0.0031577130699211864,101906.93626363862
2021-04-08,1,0.009561229075512712,102881.29182563894
2021-04-09,1,0.012350893048939549,104151.96765771415
2021-04-12,1,-0.003997411552261743,103735.62937900842
2021-04-13,1,0.012069541135129258,104987.67082497689
2021-04-14,1,-0.01061404740309646,103873.32671009991
2021-04-15,1,0.014776004408838972,105408.1594435291
2021-04-16,1,0.002238954687471928,105644.16353621297
2021-04-19,1,-0.0012485186299926454,105512.26482988802
2021-04-20,1,-0.007213946527074189,104751.10499345472
2021-04-21,1,0.00723481913910784,105508.96029270407
2021-04-22,1,-0.01129686544909747,104317.03976460322
2021-04-23,1,0.014658105119838893,105846.1298992632
2021-04-26,1,0.002183390643264671,106077.23334891102
2021-04-27,1,0.001091770453535812,106193.04533807418
2021-04-28,1,-0.009686979848550159,105164.3554478281
2021-04-29,1,-0.007546262969187811,104370.75756663365
2021-04-30,1,-0.007531709955791777,103584.66729277551
2021-05-03,1,0.002911056865145367,103886.20814962195
2021-05-04,2,0.0,103886.20814962195
2021-05-05,2,-0.006480168541623255,103213.00801166224
2021-05-06,2,0.011229692719659123,104372.05837630492
2021-05-07,2,0.007829739712526207,105189.26442665198
2021-05-10,2,-0.018860969889744172,103205.29287757656
2021-05-11,2,-0.00672637969312917,102511.09489134137
2021-05-12,2,-0.02050800258057528,100408.79709277215
2021-05-13,2,0.011469539945428986,101560.43980190017
2021-05-14,2,0.013542232997755033,102935.79494105198
2021-05-17,2,-0.0070531099025537,102209.777466426
2021-05-18,2,-0.00660195002732189,101534.99362328897
2021-05-19,2,0.00040392508652353776,101576.00615437343
2021-05-20,2,0.011505675420928396,102744.70671173987
2021-05-21,2,-0.006665770566275375,102059.83406990016
2021-05-24,2,0.012046916690862997,103289.34038842354
2021-05-25,2,-0.0009741300161751898,103188.72314160023
2021-05-26,2,0.00021158265270715404,103210.556085372
2021-05-27,2,-0.006829610185900559,102505.66822023888
2021-05-28,2,-0.0006816554715789458,102435.79467062869
2021-06-01,2,-0.00425655800725,101999.7707685944
2021-06-02,2,0.0024582649725375383,102250.51323228171
2021-06-03,2,-0.0074092725193611875,101492.9113144992
2021-06-04,2,0.0147073398351798,102985.6020520633
2021-06-07,2,0.004786826531909538,103478.5762643708
2021-06-08,2,-0.0024057269614057297,103229.63506352372
2021-06-09,2,0.0008996198855519832,103322.50249600514
2021-06-10,2,0.004045337453022935,103740.4768850923
2021-06-11,2,0.004430038051841834,104200.05114520947
2021-06-14,2,0.010672954232654464,105312.17352212254
2021-06-15,2,-0.004110077625116171,104879.3323140769
2021-06-16,2,-3.419988238717586e-05,104875.74545324691
2021-06-17,2,0.00883011564042624,105801.81041347499
2021-06-18,2,-0.005285796148935429,105242.56361144104
2021-06-21,2,0.00891554400734429,106180.85831876459
2021-06-22,2,0.00799349724013676,107029.61471669096
2021-06-23,2,-0.0010035273014149526,106922.20757626285
2021-06-24,2,0.0011303405869746985,107043.06608713523
2021-06-25,2,-0.0029108006560024657,106731.48506014829
2021-06-28,2,0.008976462424018061,107689.55622525036
2021-06-29,2,0.003444900778249327,108060.53606130004
2021-06-30,2,-0.0006492165363397584,107990.38137436329
2021-07-01,2,0.0008967865526388064,108087.22569619416
2021-07-02,2,0.012709034252892382,109460.90994986719
2021-07-06,2,0.0006104979015271184,109527.73560569082
2021-07-07,2,0.0005893448921694411,109592.28521722092
2021-07-08,2,-0.0031816053404821742,109243.60581729817
2021-07-09,2,0.0006662285266945123,109316.38702385263
2021-07-12,2,-0.0007937201381339465,109229.62040604373
2021-07-13,2,0.0046485189841267704,109737.3763701302
2021-07-14,2,0.004241798962185239,110202.86025932994
2021-07-15,2,-0.003381340473528782,109830.22686763643
2021-07-16,2,-0.0050195950405471645,109278.92360554947
2021-07-19,2,-0.01361329816457768,107791.277035403
2021-07-20,2,0.01142558143207495,109022.85504883835
2021-07-21,2,0.00094845920327713,109126.25877907698
2021-07-22,2,0.009176962582693404,110127.70637268187
2021-07-23,2,0.01001092103144341,111230.18614455278
2021-07-26,2,0.0009549856174402294,111336.40937254603
2021-07-27,2,-0.009431261063655216,110286.36662986355
2021-07-28,2,-0.004523834140589544,109787.4493992618
2021-07-29,2,0.0031336680220721558,110131.48681866913
2021-07-30,2,-0.003049479789944076,109795.6430753791
2021-08-02,2,-0.0015154462304596272,109629.25368195964
2021-08-03,3,0.0,109629.25368195964
2021-08-04,3,-0.0005096236991276593,109573.38401616563
2021-08-05,3,0.0037583352924355218,109985.19753242517
2021-08-06,3,-0.001662332806761313,109802.36553030889
2021-08-09,3,-0.0014230945347334378,109646.1063840219
2021-08-10,3,-0.0032853468926447027,109285.88088912256
2021-08-11,3,0.0011644049535293188,109413.13391018068
2021-08-12,3,0.010199163069968264,110529.05630492688
2021-08-13,3,0.003987249972307927,110969.76328161794
2021-08-16,3,0.006547032321842394,111696.28590856989
2021-08-17,3,-0.003794577965430257,111272.44564324082
2021-08-18,3,-0.01061284712032029,110091.52818892496
2021-08-19,3,0.007785359336331066,110948.63029576157
2021-08-20,3,0.012047266044776572,112285.25796223816
2021-08-23,3,0.003706720095562943,112701.46798436224
2021-08-24,3,-0.002484709396227913,112421.43758789283
2021-08-25,3,-0.0034982270168915086,112028.16187764508
2021-08-26,3,-0.005172563591495871,111448.68908629457
2021-08-27,3,0.003103978501353355,111794.62342122244
2021-08-30,3,0.014518232278264653,113417.68373151287
2021-08-31,3,-0.004764614102437004,112877.29223613995
2021-09-01,3,0.0014466624538675976,113040.58757671222
2021-09-02,3,0.001727004974524604,113235.80923378038
2021-09-03,3,0.001399778200275259,113394.31425103637
2021-09-07,3,0.0041486603162157465,113864.74874265413
2021-09-08,3,-0.0034301817275894653,113474.17196210052
2021-09-09,3,-0.005592442555411359,112839.57417387959
2021-09-10,3,-0.012983358240455822,111374.53755867963
2021-09-13,3,0.002772139324943357,111683.28329404342
2021-09-14,3,2.3917276918972163e-06,111683.5504100448
2021-09-15,3,0.00778760869626316,112553.29819844762
2021-09-16,3,-7.192520294108107e-05,112545.20277963301
2021-09-17,3,-0.012090532031824641,111184.47140039764
2021-09-20,3,-0.01338557789357342,109696.20299791182
2021-09-21,3,0.0017067142963902437,109883.4230758281
2021-09-22,3,0.01117915351697607,111111.82673136362
2021-09-23,3,0.004758423400380796,111640.54384774121
2021-09-24,3,-3.854108591327954e-05,111636.24109994936
2021-09-27,3,-0.009380844264190391,110588.99890795113
2021-09-28,3,-0.020114608430459202,108364.54449820121
2021-09-29,3,0.0026878346634218175,108655.8104771894
2021-09-30,3,-0.00549675059179866,108058.55658664653
2021-10-01,3,0.011144065346845977,109262.76820253397
2021-10-04,3,-0.010016476159323884,108168.34028973157
2021-10-05,3,0.010075026260797815,109258.13915873753
2021-10-06,3,-0.0015697627756197097,109086.62979895265
2021-10-07,3,0.0025090230127542412,109360.33066350201
2021-10-08,3,-0.0008927120316448711,109262.70338053405
2021-10-11,3,-0.0009230939461477572,109161.84364050374
2021-10-12,3,-0.004498821382234897,108670.74400420966
2021-10-13,3,0.0025646516895037053,108949.44661141967
2021-10-14,3,0.013930652795358212,110467.18352440979
2021-10-15,3,0.004084572221548344,110918.39471362627
2021-10-18,3,0.007312212660705253,111729.45360375637
2021-10-19,3,0.005945710597458964,112393.76460009652
2021-10-20,3,0.00019269476171812627,112415.42228978474
2021-10-21,3,0.0042119997146838895,112888.9160163954
2021-10-22,3,-0.0035158111250407353,112492.01990957116
2021-10-25,3,-0.0012522677880647537,112351.14977662406
2021-10-26,3,0.00370502548285101,112767.41364957405
2021-10-27,3,0.013458417643274379,114285.08459902191
2021-10-28,3,0.00930884751029537,115348.94702425542
2021-10-29,3,-0.0059894597198189015,114658.06915233012
2021-11-01,4,0.0,114658.06915233012
2021-11-02,4,0.0029966925430542357,115001.66413315991
2021-11-03,4,0.0033010333830050254,115381.28846556459
2021-11-04,4,-0.001192460965155906,115243.70078296
2021-11-05,4,0.0012144294869751437,115383.65613137897
2021-11-08,4,-0.0018832744678325408,115166.35703778158
2021-11-09,4,0.0008291991784346031,115261.85288642062
2021-11-10,4,-0.006470611628870304,114516.03820076861
2021-11-11,4,-0.00011486337081090259,114502.88450260897
2021-11-12,4,0.004785757736246676,115050.8675679399
2021-11-15,4,2.0579294348399557e-05,115053.23523360862
2021-11-16,4,0.0022453834638456183,115311.57386546412
2021-11-17,4,0.005548409904037266,115951.36974394937
2021-11-18,4,0.009728743667819062,117079.43089812076
2021-11-19,4,0.005887061273515348,117768.68468168631
2021-11-22,4,0.0010297907067549072,117889.96177871827
2021-11-23,4,0.0008323574525805899,117988.08836698922
2021-11-24,4,0.001161655695253172,118125.14990181278
2021-11-26,4,-0.011173252050356242,116805.30782847371
2021-11-29,4,0.007585555181575998,117691.34093650758
2021-11-30,4,0.011051260557288112,118991.97861053354
2021-12-01,4,-0.0011474335370456057,118855.44322363641
2021-12-02,4,-0.013148798681651641,117292.63692847034
2021-12-03,4,-0.0047069072171119775,116740.55136919764
2021-12-06,4,0.007440839817441924,117609.19911213567
2021-12-07,4,0.015545836781634348,119437.53252555167
2021-12-08,4,0.008445588782907798,120446.25281050765
2021-12-09,4,-0.00042295702684780334,120395.30922152394
2021-12-10,4,-1.4011590687701414e-07,120395.29235222601
2021-12-13,4,-3.495914668860678e-11,120395.29234801709
2021-12-14,4,8.881784197001252e-16,120395.2923480172
2021-12-15,4,0.008579694324309717,121428.24715444908
2021-12-16,4,-0.014407610721693498,119678.7562388302
2021-12-17,4,-0.002335517021324285,119399.24446654349
2021-12-20,4,-0.0029028206304408943,119052.64987644694
2021-12-21,4,0.0076689966530902876,119965.66424989095
2021-12-22,4,0.0009425105281384294,120078.73315146158
2021-12-23,4,3.81684539529914e-08,120078.73773468118
2021-12-27,4,0.013181096741185616,121661.50719332148
2021-12-28,4,-0.0014618293990948938,121483.6588253681
2021-12-29,4,0.00017824144738032288,121505.3122485502
2021-12-30,4,-0.002341178355484308,121220.84664143753
2021-12-31,4,-0.001256565894941608,121068.52465979195
2022-01-03,4,0.008833450991635239,122137.9775390038
2022-01-04,4,-0.004543261702857904,121583.07274318632
2022-01-05,4,-0.009472065010063035,120431.42997403964
2022-01-06,4,-0.005835664181258249,119728.63259184243
2022-01-07,4,0.0003432340625446617,119769.72753680985
2022-01-10,4,4.1091771658230414e-05,119774.64908710535
2022-01-11,4,0.005803974251125776,120469.81806634454
2022-01-12,4,-0.0006287552089438986,120394.07204071479
2022-01-13,4,-0.020700777596473374,117901.82113146616
2022-01-14,4,0.007554331800627256,118792.49060819145
2022-01-18,4,-0.014619644730048065,117055.78659890212
2022-01-19,4,-0.006606505753344094,116282.45687127425
2022-01-20,4,-0.00542853139448185,115651.21390352107
2022-01-21,4,-0.010427545694625118,114445.25558590324
2022-01-24,4,-0.0012942240353736034,114297.13778538948
2022-01-25,4,-0.012494910082041732,112869.00532612631
2022-01-26,4,0.008947885900355113,113878.94430747107
2022-01-27,4,0.0024491826121857407,114157.854637763
2022-01-28,4,0.03265473680099773,117885.64933472572
2022-01-31,4,0.011995382605174187,119299.73280215515
2022-02-01,5,0.0,119299.73280215515
2022-02-02,5,0.0053334522217971525,119936.01222712862
2022-02-03,5,-0.020893128963856977,117430.17365625649
2022-02-04,5,0.008027035063911114,118372.78977775645
2022-02-07,5,-0.007906785329359622,117436.84154014631
2022-02-08,5,0.012927383204875076,118954.99259310598
2022-02-09,5,0.014849163828231315,120721.37476630704
2022-02-10,5,-0.023308283041045375,117907.56679414984
2022-02-11,5,-0.0214065114979467,115383.57710987594
2022-02-14,5,-0.000647620298970808,115308.85236317173
2022-02-15,5,0.019316865555423668,117536.2579616213
2022-02-16,5,-0.00048799732805893115,117478.90058178599
2022-02-17,5,-0.023939282956018215,114666.53993939668
2022-02-18,5,-0.008489968242199941,113693.02465686826
2022-02-22,5,-0.009874081417992175,112570.41047474854
2022-02-23,5,-0.023154791910704686,109963.86604490313
2022-02-24,5,0.027404683595013024,112977.3910007481
2022-02-25,5,0.008378430094359235,113923.96417349095
2022-02-28,5,0.005654034136389097,114568.09415588065
2022-03-01,5,-0.013239299881545152,113051.29280049384
2022-03-02,5,0.018930413257800538,115191.4004925358
2022-03-03,5,-0.00707130557869462,114376.8468996153
2022-03-04,5,-0.015709545648504353,112580.03860211378
2022-03-07,5,-0.030279032848934184,109171.22391514611
2022-03-08,5,-0.010088936295758355,108069.80239173623
2022-03-09,5,0.03582017384726344,111940.88150104762
2022-03-10,5,-0.017018545410133368,110035.81052597168
2022-03-11,5,-0.012245809854480094,108688.33291308704
2022-03-14,5,-0.011212826125609032,107469.62953425027
2022-03-15,5,0.017038584787612443,109300.7599291629
2022-03-16,5,0.017046624865504345,111163.9689811899
2022-03-17,5,0.006383309334163201,111873.56298201016
2022-03-18,5,0.010715320299500286,113072.32404240873
2022-03-21,5,0.002771645973952408,113385.72049410631
2022-03-22,5,0.0080722166845284,114300.9945988661
2022-03-23,5,-0.001751599405811377,114100.7850446431
2022-03-24,5,0.009319841800293105,115164.18631054841
2022-03-25,5,0.0017237323980667796,115362.6985495889
2022-03-28,5,0.0017377451752305095,115563.16952239501
2022-03-29,5,0.006613506616210074,116327.44730862157
2022-03-30,5,-0.0021386396407804265,116078.66481849656
2022-03-31,5,-0.0006605166666864282,116001.99292573723
2022-04-01,5,0.00013464489301329152,116017.61200166405
2022-04-04,5,0.011187517992699458,117315.56112340269
2022-04-05,5,-0.006173622366048126,116591.29915136576
2022-04-06,5,-0.004485857220767664,116068.28723018894
2022-04-07,5,0.007223046840803438,116906.65390558442
2022-04-08,5,-0.00971654136089617,115770.72556754682
2022-04-11,5,-0.027088427423225148,112634.67867027622
2022-04-12,5,-0.0006715626543732922,112559.03742649392
2022-04-13,5,0.01575003020577892,114331.84566589458
2022-04-14,5,-0.023239817980848176,111674.79438320476
2022-04-18,5,0.0004206378470297256,111721.76902828159
2022-04-19,5,0.01569583133700103,113475.33507162088
2022-04-20,5,0.0005299689897981796,113535.4734803158
2022-04-21,5,-0.012731873672045646,112089.95417466854
2022-04-22,5,-0.02657825599272623,109110.79867840126
2022-04-25,5,0.011878755307129785,110406.89915726749
2022-04-26,5,-0.03456163086611652,106591.05666352146
2022-04-27,5,0.015388076136209072,108231.28795889871
2022-04-28,5,0.026227934520912655,111069.97109259875
2022-04-29,5,-0.02518991202765075,108272.12829186248
2022-05-02,5,0.010458780056564754,109404.52266792321
2022-05-03,6,0.0,109404.52266792321
2022-05-04,6,0.02269140342009246,111887.06482776372
2022-05-05,6,-0.030802224087998153,108440.69438439056
2022-05-06,6,-0.0005865430151953399,108377.08925253646
2022-05-09,6,-0.034064945555392634,104685.22960769688
2022-05-10,6,0.012358289938981137,105978.9600275176
2022-05-11,6,-0.03371395100221375,102405.9905618843
2022-05-12,6,-0.015892841088204768,100778.46842740408
2022-05-13,6,0.026058486750794474,103404.60281168495
2022-05-16,6,-0.006413483825013944,102741.41906412021
2022-05-17,6,0.014326088116032532,104213.30168679904
2022-05-18,6,-0.013807010208072068,102774.4275665925
2022-05-19,6,-0.0031131176341838707,102454.47868379178
2022-05-20,6,-0.004271190439203099,102016.87609398404
2022-05-23,6,0.03024921121444324,105102.80612638865
2022-05-24,6,-0.009280332581079631,104127.41713033103
2022-05-25,6,0.006703495002967186,104825.43475073607
2022-05-26,6,0.006229044734777478,105478.3970731409
2022-05-27,6,0.017728426521080864,107348.36308521347
2022-05-31,6,-0.0036670564516373405,106954.71057778914
2022-06-01,6,-0.0030145257945100035,106632.29284390806
2022-06-02,6,0.011942516421425964,107905.75075225072
2022-06-03,6,-0.018342679002669726,105926.47020366011
2022-06-06,6,0.002727996273528266,106215.43721964369
2022-06-07,6,0.008986142776895134,107169.90430360976
2022-06-08,6,-0.005342816920417381,106597.31512553692
2022-06-09,6,-0.019843657624149524,104482.0345005322
2022-06-10,6,-0.02223170849429379,102159.22036662561
2022-06-13,6,-0.0289534396321961,99201.3595468683
2022-06-14,6,0.004366481806608924,99634.52047852057
2022-06-15,6,0.02162000557245558,101788.61936647512
2022-06-16,6,-0.028317346953644407,98906.2357159422
2022-06-17,6,0.00022871010486036347,98928.85657148412
2022-06-21,6,0.013920527994352838,100305.99848883679
2022-06-22,6,-0.0031830082685292416,99986.72366626374
2022-06-23,6,0.0032215435254214775,100308.8352485189
2022-06-24,6,0.010521532970453107,101364.23796581395
2022-06-27,6,-0.0036165483298804535,100997.6493002891
2022-06-28,6,-0.016146569669107103,99366.88371944593
2022-06-29,6,0.007343970167204672,100096.63114908965
2022-06-30,6,-0.012983034195212184,98797.07316405547
2022-07-01,6,0.012332301782341792,100015.46848552671
2022-07-05,6,0.002517131567263853,100267.22057846631
2022-07-06,6,0.00229214103643427,100497.04718936341
2022-07-07,6,0.0050161171225211465,101001.15214853278
2022-07-08,6,-0.0002803390197930744,100972.8375845415
2022-07-11,6,-0.0038607182571704923,100583.00990700055
2022-07-12,6,-0.002823909300311178,100298.97260987088
2022-07-13,6,0.0010708761533611,100406.38038784542
2022-07-14,6,0.007367081127356512,101146.08233786689
2022-07-15,6,0.013580361797585816,102519.6827304235
2022-07-18,6,-0.012546960767233162,101233.37229333569
2022-07-19,6,0.024640735102715805,103727.83700357038
2022-07-20,6,0.010071314671546983,104772.51269023227
2022-07-21,6,0.011545680837209193,105982.18268226614
2022-07-22,6,-0.009191919013151417,105008.00304221372
2022-07-25,6,-0.003901305308831704,104598.33476247531
2022-07-26,6,-0.016279894885707247,102895.48486732219
2022-07-27,6,0.04308334055718066,107328.56608365726
2022-07-28,6,0.00650578820531722,108026.82300297792
2022-07-29,6,0.014884877644730343,109634.78904572618
2022-08-01,6,-0.00392382797712354,109204.60099320253
2022-08-02,6,-0.002178522179048792,108966.69634788467
2022-08-03,7,0.0,108966.69634788467
2022-08-04,7,0.0,108966.69634788467
2022-08-05,7,0.0,108966.69634788467
2022-08-08,7,0.0,108966.69634788467
2022-08-09,7,0.0,108966.69634788467
2022-08-10,7,0.0010793024158983755,109084.3043665054
2022-08-11,7,-0.002473129640016003,108814.52474011607
2022-08-12,7,0.005665113454555781,109430.9713682724
2022-08-15,7,0.0017950019407706463,109627.40017425887
2022-08-16,7,-0.0008747577543162244,109531.50275587091
2022-08-17,7,-0.0008861004208710055,109434.44684518031
2022-08-18,7,-0.0006260947024063768,109365.93051774976
2022-08-19,7,-0.006848699381001633,108616.91613711018
2022-08-22,7,-0.017025826442455427,106767.62337424498
2022-08-23,7,-0.0030433637622648835,106442.69065828467
2022-08-24,7,0.0009088446515859161,106539.43052838986
2022-08-25,7,0.013401344955575878,107967.20218827143
2022-08-26,7,-0.03668581262932824,104006.3376386797
2022-08-29,7,-0.010303774128886167,102934.67982767808
2022-08-30,7,-0.011624955946759385,101738.06870928755
2022-08-31,7,-0.007993322891506671,100924.84347573592
2022-09-01,7,0.0012933663894660885,101055.37627614956
2022-09-02,7,-0.013561076998366617,99684.95653736978
2022-09-06,7,-0.007590169876591779,98928.33078311048
2022-09-07,7,0.015444543213526618,100456.23366293228
2022-09-08,7,-0.00039272159021841446,100416.78233110083
2022-09-09,7,0.019037386095553943,102328.45538681118
2022-09-12,7,0.019040904899547684,104276.88177434907
2022-09-13,7,-0.052273029083411915,98826.013300631
2022-09-14,7,0.004785414838128554,99298.93677107294
2022-09-15,7,-0.018933465190457466,97418.86380826839
2022-09-16,7,-0.007141201004442488,96723.17612018915
2022-09-19,7,0.010745580139635669,97762.52276054873
2022-09-20,7,-0.0013924683711125097,97626.3915397245
2022-09-21,7,-0.017460944913936127,95921.74249490301
2022-09-22,7,-0.0023943021637006234,95692.07685930152
2022-09-23,7,-0.014911867888175223,94265.12925123051
2022-09-26,7,-0.003238513827774292,93959.85032667346
2022-09-27,7,-2.1186932222860833e-05,93957.85960569292
2022-09-28,7,0.0035094698744431163,94287.60188344626
2022-09-29,7,-0.0185287395003787,92540.57147003246
2022-09-30,7,-0.015258418987963096,91128.54865715717
2022-10-03,7,0.02651389838792939,93544.7217364925
2022-10-04,7,0.024905254725363424,95874.47685955309
2022-10-05,7,-0.001202946357567125,95759.14500683124
2022-10-06,7,-0.006761772578263714,95111.64344600607
2022-10-07,7,-0.026401678523604644,92600.53641189291
2022-10-10,7,-0.009555235433463927,91715.71648521222
2022-10-11,7,-0.010982993781516126,90708.40334138784
2022-10-12,7,-0.0022133529418153497,90507.6336300048
2022-10-13,7,0.03239919662050972,93440.00824764038
2022-10-14,7,-0.026451121586830384,90968.41522840761
2022-10-17,7,0.0278612396918283,93502.90804947204
2022-10-18,7,0.011753622876234715,94601.90596851679
2022-10-19,7,-0.0024319970023740645,94371.83441678248
2022-10-20,7,-0.002862387907059394,94101.70561918088
2022-10-21,7,0.018549465387518227,95847.2419504703
2022-10-24,7,0.006369429664130122,96457.73421657468
2022-10-25,7,0.005484517011242529,96986.75830075139
2022-10-26,7,-0.002461112969034729,96748.06293207276
2022-10-27,7,-0.008423141857529015,95933.14027355477
2022-10-28,7,0.03792921927580939,99571.8093868074
2022-10-31,7,-0.013219750518897788,98255.49490799857
2022-11-01,8,0.0,98255.49490799857
2022-11-02,8,-0.02156830318371994,96136.2906043564
2022-11-03,8,-0.01979915030549495,94232.873736868
2022-11-04,8,0.014991394570425864,95645.55592856252
2022-11-07,8,0.014176463448367649,97001.47165618259
2022-11-08,8,0.004650966483200181,97452.62224967658
2022-11-09,8,-0.02423985243093496,95090.38506733679
2022-11-10,8,0.07530110763703024,102250.79638853896
2022-11-11,8,0.0065165807799545394,102917.12196301957
2022-11-14,8,-0.010521434410682207,101834.28621454946
2022-11-15,8,0.003414273470553786,102181.97631636458
2022-11-16,8,-0.0019224829739737936,101985.53320664939
2022-11-17,8,-0.0010793650757109363,101875.45358387838
2022-11-18,8,0.0008486792968607215,101961.9131721933
2022-11-21,8,-3.8030426657176264e-05,101958.03551713258
2022-11-22,8,0.008626054994837817,102837.531138669
2022-11-23,8,0.009120262226154585,103775.43638934402
2022-11-25,8,-0.006623553893681966,103088.07419357881
2022-11-28,8,-0.02176496672276995,100844.36568924114
2022-11-29,8,-0.00941540738627722,99894.8749036662
2022-11-30,8,0.04731394243191689,104621.29526410182
2022-12-01,8,-0.00026173991321143397,104593.91169535932
2022-12-02,8,-0.0010034474183576725,104488.95720469269
2022-12-05,8,-0.010319202287058626,103410.71451853366
2022-12-06,8,-0.004751568248579585,102919.35145086446
2022-12-07,8,-0.003463978840098525,102562.84099520202
2022-12-08,8,0.010070264904391779,103595.67597337071
2022-12-09,8,-0.006356945128413782,102937.12394566706
2022-12-12,8,0.02013852679380279,105010.12597432386
2022-12-13,8,0.01744736653822554,106842.27613242314
2022-12-14,8,-0.006401356470202235,106158.34063681173
2022-12-15,8,-0.03419044036555041,102528.74022196303
2022-12-16,8,-0.014644510988001458,101027.25695919654
2022-12-19,8,-0.013952428045885923,99617.68142580012
2022-12-20,8,0.0022890435170530576,99845.71063365172
2022-12-21,8,0.016247643740660234,101467.96816906035
2022-12-22,8,-0.01640086517560413,99803.80570347709
2022-12-23,8,0.0027182779610424035,100075.100188949
2022-12-27,8,-0.003927126888104038,99682.09257216728
2022-12-28,8,-0.007748374804614877,98909.7183576098
2022-12-29,8,0.01959961849851699,100848.31110321473
2022-12-30,8,-0.0018309926727724246,100663.65858452326
2023-01-03,8,-0.0009663856288536499,100566.37867151934
2023-01-04,8,-0.012783786681443643,99280.75953925736
2023-01-05,8,-0.013930833761061745,97897.69578244402
2023-01-06,8,0.011713150744091738,99044.38625064302
2023-01-09,8,0.0030621896225007106,99347.67894238669
2023-01-10,8,0.004958858182262826,99840.32999299896
2023-01-11,8,0.014535947101486535,101291.60374837214
2023-01-12,8,0.0052247858484051335,101820.8306861989
2023-01-13,8,0.002366012966872999,102061.74009190021
2023-01-17,8,0.0009896882619297998,102162.74939806129
2023-01-18,8,-0.011919067491978241,100945.06469281974
2023-01-19,8,-0.008131595675537895,100124.22024129673
2023-01-20,8,0.0185171355940994,101978.23400375829
2023-01-23,8,0.007483852272224034,102741.42404202471
2023-01-24,8,-0.001142905214665979,102624.00033272487
2023-01-25,8,-0.0019217134262691227,102426.78641342804
2023-01-26,8,0.014378522045437103,103899.53221991679
2023-01-27,8,0.0010123454553463418,104004.71443917222
2023-01-30,8,-0.011994111229723825,102757.27032577313
2023-01-31,8,0.015729195338630486,104373.55950319167
2023-02-01,8,0.013033600079293217,105733.92273660858
2023-02-02,9,0.0,105733.92273660858
2023-02-03,9,0.0005496742588175785,105792.0419522207
2023-02-06,9,-0.002038315630690346,105576.40437950684
2023-02-07,9,0.0043446189206699515,106035.09362355035
2023-02-08,9,-0.011601364446247597,104804.94185833156
2023-02-09,9,-0.0067349935414259265,104099.08125180619
2023-02-10,9,0.00013720326185384657,104113.36398530993
2023-02-13,9,0.01412182807208806,105583.6350115172
2023-02-14,9,0.000882905313957183,105676.85536393579
2023-02-15,9,-0.00285758635305966,105374.87462421354
2023-02-16,9,-0.004631307352469527,104886.85119260087
2023-02-17,9,-0.0025948909402794262,104614.68125268674
2023-02-21,9,-0.013574537858016766,103194.5853015178
2023-02-22,9,-0.0019596578058433956,102992.3592269109
2023-02-23,9,0.0059958297749094225,103609.88388095178
2023-02-24,9,-0.010699243629257227,102501.33649091043
2023-02-27,9,0.0023521922368494597,102742.43933887105
2023-02-28,9,-0.0021855213709665033,102517.8935419907
2023-03-01,9,-0.005379582211477829,101966.39010553404
2023-03-02,9,0.008925839735417274,102876.52576201507
2023-03-03,9,0.01074229840148977,103981.65610025918
2023-03-06,9,0.0022940393051837926,104220.19410637127
2023-03-07,9,-0.013488567869653134,102814.41294477905
2023-03-08,9,0.00258467549703556,103080.15483865951
2023-03-09,9,-0.00790322935116572,102265.4887334159
2023-03-10,9,-0.00960540479617622,101283.18731745266
2023-03-13,9,0.012730874680534354,102572.61088243623
2023-03-14,9,0.019165989472142764,104538.5164627392
2023-03-15,9,0.004849793951060999,105045.50672753308
2023-03-16,9,0.025709126367511104,107746.13493433048
2023-03-17,9,-0.0030634220750149765,107416.0630460751
2023-03-20,9,0.002285232262321246,107661.53369883953
2023-03-21,9,0.010195466674856934,108759.19327783004
2023-03-22,9,-0.010370822300478366,107631.27101080227
2023-03-23,9,0.009964273820259661,108703.73846677649
2023-03-24,9,0.008513197717756382,109629.15488500342
2023-03-27,9,-0.008808452418559765,108663.49169051195
2023-03-28,9,-0.003495926849211628,108283.61207238199
2023-03-29,9,0.01793047868851172,110225.1890709609
2023-03-30,9,0.009560605909810782,111279.00866500275
2023-03-31,9,0.014930057432294364,112940.41065538002
2023-04-03,9,0.0025748631159809854,113231.21675308033
2023-04-04,9,-0.0029159211710751975,112901.0434509234
2023-04-05,9,-0.00811673162624904,111984.65598090876
2023-04-06,9,0.011830109124570276,113309.44668144039
2023-04-10,9,-0.007796597209104639,112426.01856567866
2023-04-11,9,-0.010341391671884193,111263.37707358044
2023-04-12,9,-0.001984630604419446,111042.56037028917
2023-04-13,9,0.02351491263281713,113653.71647592084
2023-04-14,9,-0.005861372305688395,112987.54972973031
2023-04-17,9,0.004327118290473608,113476.46022276161
2023-04-18,9,0.00228388839080762,113735.62779289432
2023-04-19,9,0.002456619945174321,114015.03300460726
2023-04-20,9,-0.006495349633372616,113274.46550178181
2023-04-21,9,-0.003577874373587364,112869.18369448118
2023-04-24,9,-0.0037663542525464555,112444.07836449202
2023-04-25,9,-0.01588016116048141,110658.44827852209
2023-04-26,9,0.022849926910600615,113186.9857337268
2023-04-27,9,0.01648345819744823,115052.69868156387
2023-04-28,9,0.005241372633202568,115655.73274780951
2023-05-01,9,-0.000492949029013201,115598.72036665166
2023-05-02,9,-0.005625184918909065,114948.4561882
2023-05-03,9,-0.004354357609215209,114447.92950332936
2023-05-04,10,0.0,114447.92950332936
2023-05-05,10,0.00795495933203294,115358.3581281637
2023-05-08,10,-4.7504718038160476e-05,115352.87806188747
2023-05-09,10,-0.004803321193556309,114798.80113795509
2023-05-10,10,0.005023950751283257,115375.54466117854
2023-05-11,10,-7.669410374744334e-05,115366.69603718638
2023-05-12,10,-0.0004386201989505789,115316.09387401829
2023-05-15,10,0.001149316390639754,115448.62855081225
2023-05-16,10,-0.002229587792947685,115191.22569788282
2023-05-17,10,0.00403320743854918,115655.81580622312
2023-05-18,10,0.007133960507213155,116480.89982861425
2023-05-19,10,-0.0002771337054424672,116448.61904523148
2023-05-22,10,-0.001714040750272372,116249.02136687501
2023-05-23,10,-0.005898525647307751,115563.32353286806
2023-05-24,10,-0.0024213353778115287,115283.50596922045
2023-05-25,10,0.005557424984981907,115924.1854056501
2023-05-26,10,0.01541865689471611,117711.58064621927
2023-05-30,10,0.0020018425243391036,117947.22069396405
2023-05-31,10,-0.0047615699032954595,117385.6067577303
2023-06-01,10,0.006031781827325444,118093.65112736117
2023-06-02,10,0.006446492896041045,118854.94101042124
2023-06-05,10,-0.0032231113443415005,118471.85830171952
2023-06-06,10,3.174181540632759e-05,118475.61881357658
2023-06-07,10,-0.0037879740113878624,118026.83624852766
2023-06-08,10,0.007249448832136629,118882.46575873032
2023-06-09,10,0.0013417019603698677,119041.9705960924
2023-06-12,10,0.00837442070360539,120038.87813925032
2023-06-13,10,0.0013282474488136575,120198.31947289723
2023-06-14,10,0.001592644624643036,120389.75268029686
2023-06-15,10,0.008030414115062445,121356.53224952958
2023-06-16,10,-0.003169122254109036,120971.9385624961
2023-06-20,10,-0.0015974060005200519,120778.69726194184
2023-06-21,10,-0.003683160473492486,120333.84993814673
2023-06-22,10,0.006874937473792864,121161.13763245227
2023-06-23,10,-0.0031393395239741606,120780.77168431303
2023-06-26,10,-0.003984104174570069,120299.56850763777
2023-06-27,10,0.008870294589947259,121366.66111934406
2023-06-28,10,0.002362528808230513,121653.39335259727
2023-06-29,10,0.0002261072880083148,121680.90007144523
2023-06-30,10,0.008053263908726072,122660.8284723719
2023-07-03,10,-0.0027536178751996765,122323.06742250356
2023-07-05,10,-0.0020644298289135277,122070.54003335234
2023-07-06,10,0.0008783620682697446,122177.76216537083
2023-07-07,10,-0.002068740415115844,121925.00809095093
2023-07-10,10,-0.006474723519580894,121135.57737343936
2023-07-11,10,-0.0003695324135962741,121090.81385116019
2023-07-12,10,0.00697970158718797,121935.991596791
2023-07-13,10,0.0014126501777054212,122108.24449698889
2023-07-14,10,0.00027289499467220146,122141.56722572034
2023-07-17,10,0.006042883279824052,122879.65446008016
2023-07-18,10,-0.00047226230412755754,122821.62303133444
2023-07-19,10,0.0024990050287985177,123128.55488493494
2023-07-20,10,-0.0035826744899853935,122687.42535235992
2023-07-21,10,-0.0021691587748240426,122421.29684709628
2023-07-24,10,0.0014813453173667668,122602.64506192671
2023-07-25,10,0.0015900907426937838,122797.59439286946
2023-07-26,10,0.0022951420062558014,123079.4323100277
2023-07-27,10,-0.013600308975818987,121405.51400204291
2023-07-28,10,0.015242477871911797,123256.03486274712
2023-07-31,10,1.934613804599472e-05,123258.41939101259
2023-08-01,10,-0.0005346775440002727,123192.51588205525
2023-08-02,10,-0.010422443935646397,121908.5487919833
2023-08-03,10,-0.003549119225277786,121475.88081773995
2023-08-04,11,0.0,121475.88081773995
2023-08-07,11,-0.0043681532300208215,120945.25555657632
2023-08-08,11,-0.0019626358572947256,120707.8840612513
2023-08-09,11,-0.006723069109759505,119896.35661461466
2023-08-10,11,0.000312116230020143,119933.77821343436
2023-08-11,11,-0.0018630502518010017,119710.33555773438
2023-08-14,11,0.008755990191588348,120758.51808170966
2023-08-15,11,-0.00877369243394499,119699.01998528175
2023-08-16,11,-0.004113385732463004,119206.65174428449
2023-08-17,11,-0.011242395693065843,117866.48339612976
2023-08-18,11,0.0006661006460808583,117944.9943368712
2023-08-21,11,0.010426265194832585,119174.72012623044
2023-08-22,11,0.0022947551745740036,119448.19693191853
2023-08-23,11,0.015688313867746606,121322.13773632288
2023-08-24,11,-0.020501208006795557,118834.88735476142
2023-08-25,11,0.00968564800775562,119985.88024472092
2023-08-28,11,0.007290766283442052,120860.66925489824
2023-08-29,11,0.007240542213528656,121735.76603259366
2023-08-30,11,0.006450243855420368,122520.9914094303
2023-08-31,11,0.0004043473099570871,122570.53244271997
2023-09-01,11,0.0028862403380469637,122924.30045771203
2023-09-05,11,0.0004359950828223269,122977.89484827097
2023-09-06,11,-0.013955205141227611,121261.71309782703
2023-09-07,11,-0.010832988246985309,119948.08638502896
2023-09-08,11,0.001653342391765067,120146.40164106042
2023-09-11,11,0.004376735527062525,120672.25066557158
2023-09-12,11,-0.007474504441474461,119770.28539200904
2023-09-13,11,-0.0034940802683046668,119351.7984010916
2023-09-14,11,0.005752274436527038,120038.34269998773
2023-09-15,11,-0.002652572033822187,119719.93234915537
2023-09-18,11,0.005503660248268538,120378.83018175082
2023-09-19,11,-0.0009429958178929221,120265.31344832659
2023-09-20,11,-0.0030817616377463164,119894.68441898999
2023-09-21,11,-0.0052912046945207125,119260.29710194415
2023-09-22,11,-0.003416050252769476,118852.8979338837
2023-09-25,11,-0.00045903216366205424,118798.3406309876
2023-09-26,11,-0.005754271421121726,118114.74273461802
2023-09-27,11,0.000695879215083739,118196.93632908199
2023-09-28,11,0.0009106109709784427,118304.56775603931
2023-09-29,11,0.002258248755647063,118571.72889896175
2023-10-02,11,0.006460857046796775,119337.80388916947
2023-10-03,11,-0.008922652236312056,118272.99416642121
2023-10-04,11,0.010902811425925307,119562.50231859727
2023-10-05,11,0.0006144699125525399,119635.96987894154
2023-10-06,11,0.015413090828115372,121479.92994899534
2023-10-09,11,0.001304533121749607,121638.40454124165
2023-10-10,11,-0.001005350715820641,121516.11528416481
2023-10-11,11,0.0068549867674385645,122349.1066464683
2023-10-12,11,0.00039917567027769607,122397.94543312177
2023-10-13,11,-0.00703132489740621,121537.32571200648
2023-10-16,11,0.004876454095690708,122129.9969017541
2023-10-17,11,-0.006175320313370425,121375.80505101485
2023-10-18,11,-0.0024755567129745026,121075.33236202812
2023-10-19,11,-0.0041655013339158,120570.99290356979
2023-10-20,11,-0.008842992420885154,119504.78452714492
2023-10-23,11,-0.0003227074746582348,119466.21943992059
2023-10-24,11,0.003250207924484938,119854.50949305248
2023-10-25,11,-0.009069371004887805,118767.50447985114
2023-10-26,11,-0.011933834383189845,117350.15275128384
2023-10-27,11,0.0004127838029259756,117398.59299361047
2023-10-30,11,0.015902737645170584,119265.55201790002
2023-10-31,11,0.0037469933262037625,119712.43924535708
2023-11-01,11,0.017895715936044887,121854.77905210303
2023-11-02,12,0.0,121854.77905210303
2023-11-03,12,0.008623981919949397,122905.6524635078
2023-11-06,12,0.00918107686471914,124034.05870588371
2023-11-07,12,0.009553741508145253,125219.04804096585
2023-11-08,12,0.004700683938362316,125807.66320886902
2023-11-09,12,-0.005742875987234108,125085.16540081678
2023-11-10,12,0.021300749709936007,127749.57320144553
2023-11-13,12,-0.005947987326047621,126989.72035913533
2023-11-14,12,0.014439953205354072,128823.44597868226
2023-11-15,12,0.0018591116450483725,129062.94314725648
2023-11-16,12,0.009014319663440018,130226.35777349024
2023-11-17,12,-0.00241293430276468,129912.13012769447
2023-11-20,12,0.005538844256151476,130631.69318345665
2023-11-21,12,-0.003916641965902801,130120.05561185737
2023-11-22,12,0.004301766900765891,130679.80176021428
2023-11-24,12,-0.0005334267390446623,130610.09365970232
2023-11-27,12,-0.00030007339126525423,130570.90104596438
2023-11-28,12,0.0016298947314858925,130783.71786966456
2023-11-29,12,-0.00031964133941941864,130741.91398691044
2023-11-30,12,0.0019289076897976987,130994.10307017867
2023-12-01,12,-0.0021405436879328166,130713.70446969537
2023-12-04,12,-0.008115196892683585,129652.93702135174
2023-12-05,12,0.008060160551268014,130697.96050968727
2023-12-06,12,-0.003271904058018138,130270.32932232092
2023-12-07,12,0.007332557701307252,131225.54402884515
2023-12-08,12,0.0009329716260213505,131347.97373803327
2023-12-11,12,-0.004484711054230317,130758.91602825955
2023-12-12,12,0.0027259241247545862,131115.35491198773
2023-12-13,12,0.005770785431493453,131871.9934919589
2023-12-14,12,0.0002658313143288904,131907.04919731207
2023-12-15,12,-0.0009542413204670641,131781.1780405071
2023-12-18,12,0.0004186673093551363,131836.35051174098
2023-12-19,12,0.0010791091412800657,131978.6163227312
2023-12-20,12,-0.0037240865724914585,131487.1165298277
2023-12-21,12,-0.0002630308208045884,131452.53136564165
2023-12-22,12,-0.0019168713160752082,131200.5537788414
2023-12-26,12,-0.0009737256333735012,131072.80043651414
2023-12-27,12,0.00017949810296702395,131096.32775554305
2023-12-28,12,0.0007591407112339521,131195.84831503555
2023-12-29,12,-0.0018614428326587662,130951.63474351495
2024-01-02,12,-0.012253097572381022,129347.07158573986
2024-01-03,12,-0.002501027914140086,129023.57094909165
2024-01-04,12,-0.004225026310239799,128478.44296719064
2024-01-05,12,-0.0013221458749501647,128308.57572380155
2024-01-08,12,0.007948878507551216,129328.48500370697
2024-01-09,12,-0.0007531449918176669,129231.08190292706
2024-01-10,12,0.001889743302652569,129475.29547444767
2024-01-11,12,-0.0010811911856183354,129335.30792622536
2024-01-12,12,0.0005948440101799513,129412.24225945005
2024-01-16,12,-0.004119618359810229,128879.11321025381
2024-01-17,12,-0.0017178274007934036,128657.72113819128
2024-01-18,12,0.010769068543716065,130043.24495580677
2024-01-19,12,0.005248465810447023,130725.7724808369
2024-01-22,12,0.004150214349564196,131268.31245764473
2024-01-23,12,0.002286984460978747,131568.52104845428
2024-01-24,12,-0.0012034706767477532,131410.18219138938
2024-01-25,12,-0.0005854518420244093,131333.24785816466
2024-01-26,12,-0.003100950437402772,130925.98996577336
2024-01-29,12,-0.0007978316328371982,130821.53306941815
2024-01-30,12,1.3372540097478236e-07,130821.55056358011
2024-01-31,12,1.708944097345011e-11,130821.55056581576
2024-02-01,12,0.005271626528051687,131511.19292221937
2024-02-02,12,-0.0018657379869010393,131265.82749388172
2024-02-05,13,0.0,131265.82749388172
2024-02-06,13,0.0,131265.82749388172
2024-02-07,13,-0.002212951495303983,130975.34258464683
2024-02-08,13,-0.0019118615878360723,130724.93585820557
2024-02-09,13,0.0013515005841309158,130901.61068537843
2024-02-12,13,-0.002982749609791835,130511.16395718549
2024-02-13,13,-0.0037164964136690015,130026.11968439484
2024-02-14,13,-0.0015727427202396616,129821.62205122018
2024-02-15,13,-0.0005107856677609712,129755.31102731095
2024-02-16,13,-0.002744642433391453,129399.17909470748
2024-02-20,13,-0.001334886842329297,129226.44583312575
2024-02-21,13,0.0013546130416475233,129401.49766197706
2024-02-22,13,0.003639069260824579,129872.39867442341
2024-02-23,13,-0.003274177127521538,129447.17343718726
2024-02-26,13,-0.0024108610964252986,129135.09428270534
2024-02-27,13,0.0026141878497256688,129472.67767715236
2024-02-28,13,-0.002145351157293196,129194.91331825983
2024-02-29,13,-0.0011970164529486738,129040.26488138059
2024-03-01,13,-0.001936926833555841,128790.32332972268
2024-03-04,13,-0.008133597814663052,127742.7946373383
2024-03-05,13,-0.00895897735368023,126598.34983308657
2024-03-06,13,-0.0018149526965850482,126368.5798166738
2024-03-07,13,-0.00021833710996610467,126340.98886616611
2024-03-08,13,0.003147310230013245,126738.6231528946
2024-03-11,13,0.0036624760141561463,127202.80032025924
2024-03-12,13,0.0008621526536662927,127312.46855210913
2024-03-13,13,-0.000887054682954358,127199.5354306815
2024-03-14,13,9.931880955305061e-05,127212.16873711618
2024-03-15,13,-0.0033663887890206246,126783.92311845254
2024-03-18,13,-0.003323867247745138,126362.51018885849
2024-03-19,13,0.001034675544935082,126493.25438794751
2024-03-20,13,5.7439822898075477e-08,126493.26165369766
2024-03-21,13,2.80224732307488e-11,126493.2616572423
2024-03-22,13,-7.771561172376096e-16,126493.26165724221
2024-03-25,13,0.0,126493.26165724221
2024-03-26,13,-0.0005865954229936632,126419.06128891454
2024-03-27,13,0.006526002126645558,127244.07235173453
2024-03-28,13,-0.002870907136275802,126878.76643637115
2024-04-01,13,4.6353130445098145e-08,126878.77231759917
2024-04-02,13,1.6565859795036886e-11,126878.77231970102
2024-04-03,13,0.0,126878.77231970102
2024-04-04,13,0.0,126878.77231970102
2024-04-05,13,0.0,126878.77231970102
2024-04-08,13,0.0,126878.77231970102
2024-04-09,13,0.0,126878.77231970102
2024-04-10,13,0.0,126878.77231970102
2024-04-11,13,0.0,126878.77231970102
2024-04-12,13,0.0,126878.77231970102
2024-04-15,13,0.0,126878.77231970102
2024-04-16,13,0.0,126878.77231970102
2024-04-17,13,0.0,126878.77231970102
2024-04-18,13,0.0,126878.77231970102
2024-04-19,13,0.0,126878.77231970102
2024-04-22,13,0.0,126878.77231970102
2024-04-23,13,0.0,126878.77231970102
2024-04-24,13,0.0,126878.77231970102
2024-04-25,13,0.0,126878.77231970102
2024-04-26,13,0.0,126878.77231970102
2024-04-29,13,0.0,126878.77231970102
2024-04-30,13,0.0,126878.77231970102
2024-05-01,13,0.0,126878.77231970102
2024-05-02,13,0.0,126878.77231970102
2024-05-03,13,0.0,126878.77231970102
2024-05-06,14,0.0,126878.77231970102
2024-05-07,14,0.0,126878.77231970102
2024-05-08,14,0.0,126878.77231970102
2024-05-09,14,0.0,126878.77231970102
2024-05-10,14,0.0,126878.77231970102
2024-05-13,14,0.0,126878.77231970102
2024-05-14,14,0.0,126878.77231970102
2024-05-15,14,0.003141770808108957,127277.39634274376
2024-05-16,14,0.0012584335986556283,127437.56649465088
2024-05-17,14,5.167647620929472e-08,127437.57308017525
2024-05-20,14,8.955947095046213e-12,127437.57308131659
2024-05-21,14,0.0,127437.57308131659
2024-05-22,14,0.0,127437.57308131659
2024-05-23,14,0.0,127437.57308131659
2024-05-24,14,0.0,127437.57308131659
2024-05-28,14,0.00046705164078697514,127497.09300892211
2024-05-29,14,-0.003640898645836388,127032.88901563785
2024-05-30,14,3.708443552241647e-07,127032.93612506767
2024-05-31,14,-1.6760370868951213e-11,127032.93612293855
2024-06-03,14,-3.3306690738754696e-16,127032.93612293851
2024-06-04,14,-0.0005599360145897014,126961.80580696421
2024-06-05,14,0.0026331532192034324,127296.1156946407
2024-06-06,14,-0.002401271117533632,126990.44320864894
2024-06-07,14,0.0041747838311954055,127520.60085767273
2024-06-10,14,-0.006505765162593047,126690.98177509996
2024-06-11,14,0.024379536449056882,129779.64918305282
2024-06-12,14,0.01004001766892193,131082.63915391715
2024-06-13,14,0.0019613061496424056,131339.7323402011
2024-06-14,14,-0.0007233826890850059,131244.7234514371
2024-06-17,14,-1.5494681449013115e-07,131244.70311548532
2024-06-18,14,-1.6121548540581898e-11,131244.70311336944
2024-06-20,14,6.661338147750939e-16,131244.70311336953
2024-06-21,14,0.0,131244.70311336953
2024-06-24,14,0.0,131244.70311336953
2024-06-25,14,0.0,131244.70311336953
2024-06-26,14,0.0,131244.70311336953
2024-06-27,14,0.0,131244.70311336953
2024-06-28,14,0.0,131244.70311336953
2024-07-01,14,0.0,131244.70311336953
2024-07-02,14,0.006760389355437768,132131.96840725475
2024-07-03,14,-0.0005144355173177795,132063.99502973293
2024-07-05,14,-2.4000355591802247e-08,132063.9918601501
2024-07-08,14,-1.3093193196311859e-11,132063.99185842095
2024-07-09,14,-3.3306690738754696e-16,132063.9918584209
2024-07-10,14,0.0,132063.9918584209
2024-07-11,14,0.0,132063.9918584209
2024-07-12,14,0.0024921490978719874,132393.11501659223
2024-07-15,14,0.006099120575179029,133200.59658840197
2024-07-16,14,0.0006613424517116773,133288.6877975192
2024-07-17,14,-0.00932224400393089,132046.13812690697
2024-07-18,14,-0.0074437044501908245,131063.22570090121
2024-07-19,14,0.00020903489157797495,131090.62248807546
2024-07-22,14,-0.0005594533798708445,131017.28339625514
2024-07-23,14,0.0016744740558181093,131236.6684381659
2024-07-24,14,-0.010307858839739503,129883.89938530762
2024-07-25,14,-0.001689085736947149,129664.51434339683
2024-07-26,14,0.0007573926088504379,129762.7212881907
2024-07-29,14,0.0004498690421512741,129821.09751932356
2024-07-30,14,0.0009009568476727736,129938.06072610599
2024-07-31,14,0.005279233798833438,130624.0341280461
2024-08-01,14,0.0035979125458920347,131094.00797923043
2024-08-02,14,-1.3305077983805091e-07,131093.99053707044
2024-08-05,14,0.01822868486202167,133483.66157787558
2024-08-06,15,0.0,133483.66157787558
2024-08-07,15,0.004634630835004483,134102.30907179372
2024-08-08,15,0.005597391479124303,134852.93219392304
2024-08-09,15,0.00467238701148931,135483.0172827672
2024-08-12,15,0.0024452734192954573,135814.31030369468
2024-08-13,15,0.005928365543694802,136619.46718123977
2024-08-14,15,0.000708924095127017,136716.32001338797
2024-08-15,15,0.004721227682172868,137361.78888804
2024-08-16,15,0.0020884633035371802,137648.66394344092
2024-08-19,15,-0.0002518562797326762,137613.99626302996
2024-08-20,15,0.000969890950097696,137747.46683261223
2024-08-21,15,-0.00017145402251717012,137723.84947533222
2024-08-22,15,-0.002923084420789812,137321.2710365597
2024-08-23,15,0.0036211763635851657,137818.53557745475
2024-08-26,15,0.0005298184424880059,137891.55437932038
2024-08-27,15,0.001326201702425367,138074.42639348833
2024-08-28,15,-0.002399380026995912,137743.13337256087
2024-08-29,15,0.005154793651288347,138453.17080197833
2024-08-30,15,-0.0012269248369671804,138283.29916796452
2024-09-03,15,-0.009697405405902026,136942.30995506712
2024-09-04,15,-0.00301729550227392,136529.11453916872
2024-09-05,15,0.0024122544485549735,136858.4575030731
2024-09-06,15,-0.002453945193514162,136522.6143490917
2024-09-09,15,0.00014125057098079985,136541.89824632028
2024-09-10,15,-0.001261554433140466,136369.64320927823
2024-09-11,15,0.004024595962784261,136918.4759247846
2024-09-12,15,0.00017407460988416723,136942.30995506715
2024-09-13,15,0.0012019832365888217,137106.9123160129
2024-09-16,15,9.291637339536862e-07,137107.0397107835
2024-09-17,15,0.0016226654665241202,137329.51856933953
2024-09-18,15,0.0063333124804778596,138199.26932323273
2024-09-19,15,0.013195711570069157,140022.90702041643
2024-09-20,15,-0.001064349299939371,139873.87373735377
2024-09-23,15,-0.002758382338030718,139488.0481144847
2024-09-24,15,0.001440128441458688,139688.92881981793
2024-09-25,15,-0.0015971274964186044,139465.82779065453
2024-09-26,15,0.0018378644798611177,139722.1470817054
2024-09-27,15,0.0004305114758009765,139782.29906944765
2024-09-30,15,0.008311076459142086,140944.04044464848
2024-10-01,15,-0.010742733667136184,139429.91615618154
2024-10-02,15,0.0009127299088458329,139557.17801084515
2024-10-03,15,-0.0017755466354032468,139309.38773298162
2024-10-04,15,0.0018109277219435782,139561.66696515426
2024-10-07,15,-0.00816500029091205,138422.1459137836
2024-10-08,15,0.006571828407502034,139331.8325045272
2024-10-09,15,0.006035990302407868,140172.83809434125
2024-10-10,15,-0.0007974081413827383,140061.0631320441
2024-10-11,15,-0.002371698539528233,139728.88051316905
2024-10-14,15,0.005985106190775191,140565.1727009585
2024-10-15,15,0.004044572722574857,141133.69876420882
2024-10-16,15,-0.0032696975068210454,140672.23426123106
2024-10-17,15,0.0005855619767825004,140754.6065728035
2024-10-18,15,0.004515915646731594,141390.24250297513
2024-10-21,15,0.002333528367161275,141720.18064469565
2024-10-22,15,-0.0009739992171726719,141582.14529969016
2024-10-23,15,-0.008035797644108111,140444.41983004313
2024-10-24,15,-0.0002972512195595911,140402.6725549683
2024-10-25,15,0.0013332324184720523,140589.8619496587
2024-10-28,15,0.0031530313201710847,141033.1461876845
2024-10-29,15,0.0004296924858535611,141093.74707085764
2024-10-30,15,-0.005644052347963724,140297.4065764194
2024-10-31,15,-0.0066583653577337865,139363.25518469105
2024-11-01,15,-0.004800968798324701,138694.1765449164
2024-11-04,16,0.0,138694.1765449164
2024-11-05,16,0.0,138694.1765449164
2024-11-06,16,9.760775141454126e-05,138707.71417162323
2024-11-07,16,0.00712733454062997,139696.33045389046
2024-11-08,16,-0.00040245477334788227,139640.10899888014
2024-11-11,16,-0.004063585987626239,139072.66940864167
2024-11-12,16,0.0,139072.66940864167
2024-11-13,16,0.0013299988923196615,139257.6359049071
2024-11-14,16,0.004627051207834132,139901.98811732102
2024-11-15,16,-0.004782022192243218,139232.97370540505
2024-11-18,16,0.004507783324992243,139860.60578256333
2024-11-19,16,0.00038554413444513713,139914.52821876275
2024-11-20,16,0.0010680535520484202,140063.96442761
2024-11-21,16,-0.0007117734163039069,139964.27062114826
2024-11-22,16,0.0020054351682630145,140244.9598917522
2024-11-25,16,0.0044454506160191976,140868.41193509658
2024-11-26,16,0.0032314248175404625,141323.61761743118
2024-11-27,16,-0.00094306675957323,141190.34001131353
2024-11-29,16,1.1554093681809263e-08,141190.34164263995
2024-12-02,16,1.8607337892717624e-13,141190.34164266623
2024-12-03,16,-3.3306690738754696e-16,141190.34164266617
2024-12-04,16,0.0,141190.34164266617
2024-12-05,16,0.0,141190.34164266617
2024-12-06,16,0.0,141190.34164266617
2024-12-09,16,0.0,141190.34164266617
2024-12-10,16,0.0,141190.34164266617
2024-12-11,16,0.0,141190.34164266617
2024-12-12,16,0.0,141190.34164266617
2024-12-13,16,0.0,141190.34164266617
2024-12-16,16,0.0,141190.34164266617
2024-12-17,16,0.0,141190.34164266617
2024-12-18,16,0.0,141190.34164266617
2024-12-19,16,0.0,141190.34164266617
2024-12-20,16,0.008903167287290792,142447.38287366056
2024-12-23,16,0.0010758501513525864,142600.63491208496
2024-12-24,16,0.00023114623829267877,142633.59651242304
2024-12-26,16,-5.737813668638125e-09,142633.59569401803
2024-12-27,16,1.5686119070323912e-11,142633.5956962554
2024-12-30,16,4.6629367034256575e-15,142633.59569625606
2024-12-31,16,-0.0028860615885388796,142221.94635448192
2025-01-02,16,-0.00917895814433023,140916.49706168895
2025-01-03,16,-0.0006890408690857219,140819.39983608504
2025-01-06,16,0.0023125741243290587,141145.05513634952
2025-01-07,16,-0.0039279673242880175,140590.6419717891
2025-01-08,16,0.0006934800224547288,140688.13877334062
2025-01-10,16,-0.008263450303823028,139525.56933024977
2025-01-13,16,-0.003488140962138675,139038.88447660318
2025-01-14,16,-0.0016007350804995157,138816.320056668
2025-01-15,16,0.006570082169701452,139728.35468593586
2025-01-16,16,-0.013666365375254341,137818.77593751473
2025-01-17,16,0.0024788957829722236,138160.41432000062
2025-01-21,16,-0.00866252407067214,136963.5964053396
2025-01-22,16,0.005908499568015868,137772.84575553442
2025-01-23,16,-0.0002510224495525515,137738.26167831104
2025-01-24,16,-0.0012915141577568567,137560.3707632887
2025-01-27,16,0.010417975894355669,138993.47138991926
2025-01-28,16,0.012233265767044088,140693.81546531618
2025-01-29,16,-0.0060240388356999075,139846.27045701034
2025-01-30,16,9.35404897983716e-08,139846.28353829894
2025-01-31,16,-1.396639470740979e-10,139846.28351876748
2025-02-03,16,8.659739592076221e-15,139846.2835187687
2025-02-04,16,0.0,139846.2835187687
2025-02-05,16,0.0,139846.2835187687
2025-02-06,17,0.0,139846.2835187687
2025-02-07,17,-0.0034273708887173626,139366.97843774114
2025-02-10,17,-0.0006151125400479796,139281.25206163552
2025-02-11,17,0.0009889822431956574,139418.99874673452
2025-02-12,17,-0.0010738174252925559,139269.28819646343
2025-02-13,17,0.0035125598503142896,139758.47990656417
2025-02-14,17,-1.653408106461196e-05,139756.16912852792
2025-02-18,17,0.0009837940894898978,139893.6604216863
2025-02-19,17,0.0007901159762015997,140004.1926377548
2025-02-20,17,-0.0002615264897279923,139967.57783270706
2025-02-21,17,-0.006108061548318111,139112.64725253588
2025-02-24,17,-0.0024341455797433076,138774.02681713973
2025-02-25,17,-0.0016325090732381975,138547.47695923096
2025-02-26,17,0.00016623008924621097,138570.50771869073
2025-02-27,17,-0.005259000480721809,137841.76535198427
2025-02-28,17,0.005086194698795676,138542.85540819017
2025-03-03,17,-0.005769876377435201,137743.48025950804
2025-03-04,17,0.0006777791106800102,137836.8399130603
2025-03-05,17,0.014399227840662387,139821.58397580538
2025-03-06,17,-0.01041552940408752,138365.2681565793
2025-03-07,17,0.00711611887877428,139349.89185347498
2025-03-10,17,-0.024876051980971092,135883.41670018522
2025-03-11,17,-0.008036610976838388,134791.37454196223
2025-03-12,17,-0.0030903731162383874,134374.81890177692
2025-03-13,17,-0.0193095721666644,131780.0986388106
2025-03-14,17,0.021727434322706296,134643.3420770251
2025-03-17,17,0.0014372862729603586,134836.8631043379
2025-03-18,17,-0.003352292462803219,134384.85050444523
2025-03-19,17,0.003805917123425706,134896.30810810908
2025-03-20,17,-0.0016926236373844272,134667.9794284094
2025-03-21,17,0.006211821253361061,135504.51284517
2025-03-24,17,0.0036422150687658306,135998.04942374042
2025-03-25,17,-6.314704595222764e-06,135997.1906362328
2025-03-26,17,2.9001174572940158e-08,135997.19458031104
2025-03-27,17,1.417754802446325e-12,135997.19458050386
2025-03-28,17,3.1086244689504383e-15,135997.19458050426
2025-03-31,17,0.007625579336440369,137034.2519773112
2025-04-01,17,0.0015774487096802403,137250.41648127482
2025-04-02,17,0.0010422443716511243,137393.4649553592
2025-04-03,17,-0.02731431747968638,133640.65623393437
2025-04-04,17,1.4144971447471733e-06,133640.845268261
2025-04-07,17,1.7014811781734807e-10,133640.84529099974
2025-04-08,17,-0.013523688193833316,131833.52816932395
2025-04-09,17,0.08546283293897305,143100.3949630143
2025-04-10,17,-0.02454248354166033,139588.35587482943
2025-04-11,17,8.081367870449441e-07,139588.46868131484
2025-04-14,17,-2.7847590899909846e-10,139588.46864244284
2025-04-15,17,6.661338147750939e-16,139588.46864244292
2025-04-16,17,0.0,139588.46864244292
2025-04-17,17,0.0,139588.46864244292
2025-04-21,17,-0.0037292817134553236,139067.90391892544
2025-04-22,17,0.007649935883263126,140131.764467325
2025-04-23,17,0.0074632795577189714,141177.60700046108
2025-04-24,17,0.001202400824038774,141347.35907145424
2025-04-25,17,2.1712593278877534e-08,141347.36214047196
2025-04-28,17,-1.7917889394425401e-12,141347.3621402187
2025-04-29,17,-1.1102230246251565e-16,141347.36214021867
2025-04-30,17,0.0,141347.36214021867
2025-05-01,17,0.0,141347.36214021867
2025-05-02,17,0.0,141347.36214021867
2025-05-05,17,0.0,141347.36214021867
2025-05-06,17,0.0008693871495100147,141470.24772048055
2025-05-07,17,3.397976348473719e-05,141475.0548460382
2025-05-08,18,0.0,141475.0548460382
2025-05-09,18,0.0,141475.0548460382
2025-05-12,18,0.0,141475.0548460382
2025-05-13,18,0.0,141475.0548460382
2025-05-14,18,0.0033118847943032215,141943.603928956
2025-05-15,18,0.0017623541245148644,142193.7588247887
2025-05-16,18,0.0029532193252763683,142613.68818128377
2025-05-19,18,0.00375913876062528,143149.79282432178
2025-05-20,18,-0.0016351365944303753,142915.7233595896
2025-05-21,18,-0.009729418319085026,141525.23650264952
2025-05-22,18,0.0015229672356704693,141740.77480086358
2025-05-23,18,-0.003473440354855084,141248.44667374183
2025-05-27,18,0.00742528970033729,142297.257310017
2025-05-28,18,-0.001915860145450643,142024.63566592982
2025-05-29,18,0.0013021222786608888,142209.56910814912
2025-05-30,18,-0.00036994961905367774,142156.95873223178
2025-06-02,18,0.0025206960586867666,142515.29321782303
2025-06-03,18,-0.0004365915362866124,142453.07224701272
2025-06-04,18,-8.27935091596288e-08,142453.06045282297
2025-06-05,18,-0.004732433294505012,141778.9108466319
2025-06-06,18,0.003807172295663408,142318.68758811653
2025-06-09,18,-0.004816707041760848,141633.1801634367
2025-06-10,18,0.0019807503342930133,141913.7201323924
2025-06-11,18,0.0012793348083399714,142095.2752943388
2025-06-12,18,-5.467727215435758e-08,142095.26752495673
2025-06-13,18,-9.247047572102929e-12,142095.26752364277
2025-06-16,18,-1.4432899320127035e-15,142095.26752364257
2025-06-17,18,0.0,142095.26752364257
2025-06-18,18,-0.0006167312664518976,142007.63292934588
2025-06-20,18,-0.0017413934483782034,141760.34176774303
2025-06-23,18,0.00035357391731749566,141810.4645271021
2025-06-24,18,-2.3738210730428477e-07,141810.4308638352
2025-06-25,18,-6.906364369285711e-12,141810.4308628558
2025-06-26,18,-9.992007221626409e-16,141810.43086285566
2025-06-27,18,0.0,141810.43086285566
2025-06-30,18,0.0,141810.43086285566
2025-07-01,18,0.0006214020252435226,141898.5521517945
2025-07-02,18,0.0014901910088760406,142110.00809838364
2025-07-03,18,0.0025986891225779907,142479.30783063837
2025-07-07,18,-0.0011154464741192083,142320.37978908373
2025-07-08,18,-4.2145965495343773e-08,142320.37379085392
2025-07-09,18,-1.3556378242185474e-11,142320.37378892457
2025-07-10,18,-1.1102230246251565e-16,142320.37378892454
2025-07-11,18,0.0,142320.37378892454
2025-07-14,18,0.0,142320.37378892454
2025-07-15,18,0.0,142320.37378892454
2025-07-16,18,0.0,142320.37378892454
2025-07-17,18,0.0,142320.37378892454
2025-07-18,18,0.0,142320.37378892454
2025-07-21,18,0.0,142320.37378892454
2025-07-22,18,0.0,142320.37378892454
2025-07-23,18,0.0,142320.37378892454
2025-07-24,18,0.0,142320.37378892454
2025-07-25,18,0.0,142320.37378892454
2025-07-28,18,0.0,142320.37378892454
2025-07-29,18,0.0,142320.37378892454
2025-07-30,18,0.0,142320.37378892454
2025-07-31,18,0.0,142320.37378892454
2025-08-01,18,0.0,142320.37378892454
2025-08-04,18,0.0,142320.37378892454
2025-08-05,18,0.0,142320.37378892454
2025-08-06,18,0.0,142320.37378892454
2025-08-07,18,0.0,142320.37378892454
2025-08-08,19,0.0,142320.37378892454
2025-08-11,19,-0.0004048770073530328,142262.75154189952
2025-08-12,19,0.004768472921720557,142941.12762039652
2025-08-13,19,-0.0023219603548302326,142609.22398898724
2025-08-14,19,0.0004197118168218772,142669.0787654832
2025-08-15,19,-0.0031828503222335325,142214.98444216172
2025-08-18,19,-0.0029726130222778036,141792.2343274459
2025-08-19,19,-0.005170248279827705,141059.1332718215
2025-08-20,19,-0.00922931792191184,139757.25368506653
2025-08-21,19,-0.002592126824636498,139394.98515885192
2025-08-22,19,0.006158547338736664,140253.45577373522
2025-08-25,19,-0.0027998738160865955,139860.76379529867
2025-08-26,19,0.0017141293590354767,140100.50323669735
2025-08-27,19,0.004775688322611105,140769.57957399677
2025-08-28,19,0.004889123221126113,141457.81939432016
2025-08-29,19,-0.0025044129337574716,141103.5506018479
2025-09-02,19,-0.004530257049658704,140464.315247002
2025-09-03,19,0.01293488666726339,142281.20524551673
2025-09-04,19,0.003562836177700479,142788.1298709723
2025-09-05,19,-0.008378353282877726,141591.80047431187
2025-09-08,19,0.0014181583900858552,141792.60007412187
2025-09-09,19,0.0001346152563441727,141811.68752132857
2025-09-10,19,0.0012551137879168728,141989.67732562433
2025-09-11,19,0.00040931932126531123,142047.79644397393
2025-09-12,19,0.005683374881803704,142855.10732229918
2025-09-15,19,0.003470850554202487,143350.93605071944
2025-09-16,19,-0.004003645246512422,142777.00975701687
2025-09-17,19,0.0006233139363567286,142866.00465698977
2025-09-18,19,-0.0009979523298333515,142723.43119478834
2025-09-19,19,0.006031871805119993,143584.32063534216
2025-09-22,19,-0.002200955540463845,143268.2979293161
2025-09-23,19,-0.003308715646730187,142794.26387027695
2025-09-24,19,0.0005850811535641487,142877.8101029045
2025-09-25,19,-0.001983028027587763,142594.47940095008
2025-09-26,19,0.004601778216076768,143250.66756999015
2025-09-29,19,0.0006010618694489711,143336.7700840396
2025-09-30,19,0.003947403421837414,143902.57814074444
2025-10-01,19,0.0006496301092104861,143996.06158829769
2025-10-02,19,-0.0002490322729170602,143960.20192178927
2025-10-03,19,0.0022098276821054252,144278.32916111752
2025-10-06,19,0.005280025206136019,145040.1223757874
2025-10-07,19,-0.0031528277229967427,144582.8358570142
2025-10-08,19,0.002658136591168647,144967.15678346067
2025-10-09,19,-0.0019435282593758263,144685.40901757064
2025-10-10,19,-0.007180389520057062,143646.5114229557
2025-10-13,19,0.0019534505743605823,143927.11778319976
2025-10-14,19,-0.0003028570253709173,143883.52844443775
2025-10-15,19,-8.836005953172243e-05,143870.81488729877
2025-10-16,19,-0.0011487822803826209,143705.53864449202
2025-10-17,19,0.0012448922488124126,143884.43655566196
2025-10-20,19,0.0005849745086579095,143968.60528323962
2025-10-21,19,-5.1318979732428716e-08,143968.5978949177
2025-10-22,19,-2.267097620745062e-11,143968.5978916538
2025-10-23,19,-1.3322676295501878e-15,143968.5978916536
2025-10-24,19,0.0,143968.5978916536
2025-10-27,19,0.0,143968.5978916536
2025-10-28,19,0.0,143968.5978916536
2025-10-29,19,0.0,143968.5978916536
2025-10-30,19,0.0,143968.5978916536
2025-10-31,19,-0.006854083792765198,142981.82505817726
2025-11-03,19,-0.00048172154312842164,142912.94763277093
2025-11-04,19,-0.001668713071882988,142674.4669289148
2025-11-05,19,-0.004438767206373928,142041.16818392387
