window_id,train_start_date,train_end_date,train_samples,validation_start_date,validation_end_date,validation_samples,test_start_date,test_end_date,test_samples,oos_start_date,oos_end_date,oos_samples,train_accuracy,train_auc,train_positive_rate,val_accuracy,val_auc,val_samples,val_positive_rate,val_start_date,val_end_date,test_accuracy,test_auc,test_positive_rate,oos_accuracy,oos_auc,oos_positive_rate,oos_backtest_total_return,oos_backtest_annualized_return,oos_backtest_sharpe,oos_backtest_max_drawdown,oos_backtest_final_equity,oos_backtest_bars
1,2018-01-31,2020-01-31,1512,2020-02-03,2020-07-31,378,2020-08-03,2021-02-01,378,2021-02-02,2021-05-03,189,0.96494708994709,0.9977322288518036,0.6686507936507936,0.5793650793650794,0.5540465631929047,378,0.6322751322751323,2020-02-03,2020-07-31,0.5608465608465608,0.5461869266055046,0.6296296296296297,0.5873015873015873,0.49751636938360805,0.8518518518518519,0.04575405233962049,0.19596432388258367,1.1820324730689933,-0.06479464947916669,104575.40523396205,63
2,2018-05-02,2020-05-01,1512,2020-05-04,2020-10-29,378,2020-10-30,2021-05-03,378,2021-05-04,2021-08-02,189,0.96494708994709,0.9964175400567822,0.66005291005291,0.544973544973545,0.5424490403213807,378,0.5529100529100529,2020-05-04,2020-10-29,0.4894179894179894,0.46283627087198514,0.5317460317460317,0.5555555555555556,0.3997754070746771,0.6613756613756614,0.05479023889895407,0.23783970376792585,1.861679677619457,-0.045446342456489264,105479.02388989541,63
3,2018-08-01,2020-07-31,1512,2020-08-03,2021-02-01,378,2021-02-02,2021-08-02,378,2021-08-03,2021-10-29,189,0.9708994708994709,0.9973228944011502,0.6620370370370371,0.48412698412698413,0.46611238532110094,378,0.5317460317460317,2020-08-03,2021-02-01,0.5,0.49375,0.5582010582010583,0.5238095238095238,0.495048309178744,0.656084656084656,0.04587110922928761,0.19649989673964408,1.6631885952312124,-0.0509920077997994,104587.11092292875,63
4,2018-10-30,2020-10-29,1512,2020-10-30,2021-05-03,378,2021-05-04,2021-10-29,378,2021-11-01,2022-01-31,189,0.9722222222222222,0.997654658949901,0.6554232804232805,0.43386243386243384,0.44608070500927643,378,0.2751322751322751,2020-10-30,2021-05-03,0.4497354497354497,0.4377914268257388,0.5264550264550265,0.5238095238095238,0.5996640537513998,0.38095238095238093,0.04048266017508384,0.17203178051124768,1.2853697996223576,-0.07588935398834074,104048.26601750839,63
5,2019-02-01,2021-02-01,1512,2021-02-02,2021-08-02,378,2021-08-03,2022-01-31,378,2022-02-01,2022-05-02,189,0.9735449735449735,0.9984618133511494,0.6759259259259259,0.5396825396825397,0.46757246376811595,378,0.6349206349206349,2021-02-02,2021-08-02,0.5740740740740741,0.5907795760200593,0.8121693121693122,0.3492063492063492,0.4300822561692127,0.798941798941799,-0.08294410977970867,-0.29273328719288483,-1.2896294271671487,-0.11704901580303428,91705.58902202913,63
6,2019-05-03,2021-05-03,1512,2021-05-04,2021-10-29,378,2021-11-01,2022-05-02,378,2022-05-03,2022-08-02,189,0.9695767195767195,0.9978638214319905,0.6514550264550265,0.5317460317460317,0.495803453709361,378,0.7513227513227513,2021-05-04,2021-10-29,0.4708994708994709,0.495124716553288,0.7354497354497355,0.4708994708994709,0.45080275229357797,0.671957671957672,0.0006686525492520801,0.0026772939704060583,0.13404344469299392,-0.11601724588810991,100066.86525492521,63
7,2019-08-02,2021-08-02,1512,2021-08-03,2022-01-31,378,2022-02-01,2022-08-02,378,2022-08-03,2022-10-31,189,0.9728835978835979,0.9978000230565269,0.669973544973545,0.5555555555555556,0.4916514702530203,378,0.8359788359788359,2021-08-03,2022-01-31,0.46296296296296297,0.4586801176965111,0.708994708994709,0.38095238095238093,0.41071854857961326,0.6984126984126984,-0.0982979368823822,-0.33892268667771963,-1.5798043944159503,-0.17440682269087915,90170.20631176178,63
8,2019-10-31,2021-10-29,1512,2021-11-01,2022-05-02,378,2022-05-03,2022-10-31,378,2022-11-01,2023-02-01,189,0.9728835978835979,0.9979937087617001,0.6633597883597884,0.5291005291005291,0.5331632653061225,378,0.582010582010582,2021-11-01,2022-05-02,0.4497354497354497,0.4441919191919192,0.708994708994709,0.5555555555555556,0.5086206896551724,0.7936507936507936,0.07611205699602208,0.3410037410299167,1.2719090298394717,-0.08371761323104898,107611.2056996022,63
9,2020-02-03,2022-01-31,1512,2022-02-01,2022-08-02,378,2022-08-03,2023-02-01,378,2023-02-02,2023-05-03,189,0.968915343915344,0.9966311627531671,0.6302910052910053,0.46825396825396826,0.4799775816169259,378,0.6296296296296297,2022-02-01,2022-08-02,0.5,0.4871349777416916,0.6296296296296297,0.6084656084656085,0.49795918367346936,0.8095238095238095,0.08241448478581614,0.37269604150541613,2.157674886063216,-0.044814467962541515,108241.44847858162,63
10,2020-05-04,2022-05-02,1512,2022-05-03,2022-10-31,378,2022-11-01,2023-05-03,378,2023-05-04,2023-08-03,189,0.9761904761904762,0.9972133757961783,0.5978835978835979,0.455026455026455,0.4540684624017957,378,0.671957671957672,2022-05-03,2022-10-31,0.5687830687830688,0.4923374497842583,0.6984126984126984,0.5238095238095238,0.5298102981029811,0.5767195767195767,0.061407413353039564,0.2691953329571368,2.908932668215772,-0.01446179970568906,106140.74133530396,63
11,2020-08-03,2022-08-02,1512,2022-08-03,2023-02-01,378,2023-02-02,2023-08-03,378,2023-08-04,2023-11-01,189,0.9781746031746031,0.9968810916179337,0.5767195767195767,0.5238095238095238,0.5055295797519389,378,0.6534391534391535,2022-08-03,2023-02-01,0.5396825396825397,0.49058094312105005,0.708994708994709,0.5079365079365079,0.5174927113702624,0.6137566137566137,0.0031191231692451193,0.012534987730617786,0.1642579536976185,-0.04576222502369687,100311.91231692451,63
12,2020-10-30,2022-10-31,1512,2022-11-01,2023-05-03,378,2023-05-04,2023-11-01,378,2023-11-02,2024-02-02,189,0.9761904761904762,0.9975291721932085,0.5562169312169312,0.5079365079365079,0.4870406189555126,378,0.6058201058201058,2022-11-01,2023-05-03,0.4312169312169312,0.4573455664463187,0.5264550264550265,0.5185185185185185,0.5099889012208657,0.48148148148148145,0.08595668848720472,0.39075304038017,4.169314137648658,-0.027578689071667717,108595.66884872047,63
13,2021-02-02,2023-02-01,1512,2023-02-02,2023-08-03,378,2023-08-04,2024-02-02,378,2024-02-05,2024-05-03,189,0.9742063492063492,0.9968972256717092,0.5535714285714286,0.5291005291005291,0.5106344190568789,378,0.6243386243386243,2023-02-02,2023-08-03,0.4497354497354497,0.42139043673600374,0.47883597883597884,0.37566137566137564,0.3277777777777778,0.13227513227513227,-0.033421152008394905,-0.12713084214596293,-3.7552016258687826,-0.03751805570223665,96657.88479916051,63
14,2021-05-04,2023-05-03,1512,2023-05-04,2023-11-01,378,2023-11-02,2024-05-03,378,2024-05-06,2024-08-05,189,0.9748677248677249,0.9970875850340136,0.5621693121693122,0.48148148148148145,0.46324367449281967,378,0.5079365079365079,2023-05-04,2023-11-01,0.4656084656084656,0.4554926250113578,0.4470899470899471,0.3968253968253968,0.5236549165120594,0.19047619047619047,0.046989490673476686,0.201625924895507,2.4544723126387216,-0.02696538709598484,104698.94906734767,63
15,2021-08-03,2023-08-03,1512,2023-08-04,2024-02-02,378,2024-02-05,2024-08-05,378,2024-08-06,2024-11-01,189,0.9722222222222222,0.9962303842325585,0.5582010582010583,0.41534391534391535,0.40374011727980863,378,0.5079365079365079,2023-08-04,2024-02-02,0.3888888888888889,0.4637204110255603,0.19576719576719576,0.41798941798941797,0.3965118965118965,0.31216931216931215,0.03903485194703715,0.1655219601953002,2.287498665981396,-0.021351963326703083,103903.48519470371,63
16,2021-11-01,2023-11-01,1512,2023-11-02,2024-05-03,378,2024-05-06,2024-11-01,378,2024-11-04,2025-02-05,189,0.9775132275132276,0.9965868510410543,0.5271164021164021,0.4074074074074074,0.4427719053820759,378,0.30423280423280424,2023-11-02,2024-05-03,0.3888888888888889,0.4657023000144655,0.14285714285714285,0.47619047619047616,0.5181755829903978,0.164021164021164,0.008306815776646825,0.0336435797852046,0.5342842273087334,-0.03975220597196116,100830.68157766468,63
17,2022-02-01,2024-02-02,1512,2024-02-05,2024-08-05,378,2024-08-06,2025-02-05,378,2025-02-06,2025-05-07,189,0.9794973544973545,0.9982803415231108,0.5621693121693122,0.5026455026455027,0.4670406732117812,378,0.5211640211640212,2024-02-05,2024-08-05,0.49206349206349204,0.5276413658424514,0.46825396825396826,0.49206349206349204,0.49518477043673015,0.3439153439153439,0.013111520009170707,0.05348659744036266,0.34883508482971193,-0.05874176939988618,101311.15200091708,63
18,2022-05-03,2024-05-03,1512,2024-05-06,2024-11-01,378,2024-11-04,2025-05-07,378,2025-05-08,2025-08-07,189,0.9755291005291006,0.9975400150392094,0.5906084656084656,0.4603174603174603,0.534760595978591,378,0.17195767195767195,2024-05-06,2024-11-01,0.5185185185185185,0.5423223082336383,0.23544973544973544,0.3915343915343915,0.43662728249194416,0.25396825396825395,0.005975038806708799,0.024115216295415687,0.7108872519347077,-0.013282213778076257,100597.50388067088,63
19,2022-08-03,2024-08-05,1512,2024-08-06,2025-02-05,378,2025-02-06,2025-08-07,378,2025-08-08,2025-11-05,189,0.968915343915344,0.9966747154685783,0.5925925925925926,0.47354497354497355,0.5511903736251113,378,0.2222222222222222,2024-08-06,2025-02-05,0.5052910052910053,0.539766081871345,0.3941798941798942,0.4497354497354497,0.4184873949579832,0.43915343915343913,-0.001961810509398587,-0.007824180021617333,-0.10275221234275952,-0.024808412530240465,99803.81894906014,63
