date,equity,returns
2018-01-02,100000.0,0.0
2018-01-03,100000.0,0.0
2018-01-04,100000.0,0.0
2018-01-05,100000.0,0.0
2018-01-08,100000.0,0.0
2018-01-09,100000.0,0.0
2018-01-10,100000.0,0.0
2018-01-11,100000.0,0.0
2018-01-12,100000.0,0.0
2018-01-16,100000.0,0.0
2018-01-17,100000.0,0.0
2018-01-18,100000.0,0.0
2018-01-19,100000.0,0.0
2018-01-22,100000.0,0.0
2018-01-23,100000.0,0.0
2018-01-24,100000.0,0.0
2018-01-25,100000.0,0.0
2018-01-26,100000.0,0.0
2018-01-29,100000.0,0.0
2018-01-30,100000.0,0.0
2018-01-31,100335.99486462063,0.0033599486462063677
2018-02-01,100031.4666735466,-0.003035084183745984
2018-02-02,98428.40700695162,-0.016025553957202066
2018-02-05,95727.14938952221,-0.027443882305629774
2018-02-06,96434.4805039405,0.007389033507517295
2018-02-07,95823.71016727848,-0.006333526488350505
2018-02-08,95851.91476395118,0.0002943383910252173
2018-02-09,95851.86833943473,-4.843358274442267e-07
2018-02-12,95851.86833739288,-2.1302182240390266e-11
2018-02-13,95851.86833739295,6.661338147750939e-16
2018-02-14,95851.86833739295,0.0
2018-02-15,95851.86833739295,0.0
2018-02-16,95851.86833739295,0.0
2018-02-20,95806.1151925475,-0.0004773317999854365
2018-02-21,95135.01982423996,-0.007004723727277673
2018-02-22,95498.41585431616,0.003819792446015713
2018-02-23,96880.76260252677,0.014475075171083374
2018-02-26,98016.19907732453,0.011719937418908755
2018-02-27,97074.81209330667,-0.00960440205679891
2018-02-28,96573.06055895137,-0.005168709818083594
2018-03-01,95216.27142718837,-0.014049354177138929
2018-03-02,95668.14392492207,0.0047457487145907695
2018-03-05,96323.99962974565,0.006855528684012846
2018-03-06,96263.94461542921,-0.0006234688607956729
2018-03-07,96125.94080100549,-0.0014335981656998786
2018-03-08,96835.80886151374,0.007384771005547686
2018-03-09,98673.39488277465,0.018976306831792744
2018-03-12,99050.10543065632,0.0038177519718380903
2018-03-13,97705.07721671986,-0.013579270896163731
2018-03-14,97060.74334963372,-0.006594681519538015
2018-03-15,97178.92815525233,0.0012176375488170965
2018-03-16,97238.97496747377,0.0006178995113581554
2018-03-19,95714.68060796085,-0.015675755117973922
2018-03-20,95837.19641022844,0.001280010563577072
2018-03-21,94931.17154353243,-0.009453791436237258
2018-03-22,94395.21366708589,-0.005645752261687509
2018-03-23,94395.21625256419,2.738993010176216e-08
2018-03-26,94395.21624191683,-1.1279555067744695e-10
2018-03-27,94395.21624191653,-3.219646771412954e-15
2018-03-28,94395.21624191653,0.0
2018-03-29,94395.21624191653,0.0
2018-04-02,94395.21624191653,0.0
2018-04-03,94395.21624191653,0.0
2018-04-04,94395.21624191653,0.0
2018-04-05,94395.21624191653,0.0
2018-04-06,94395.21624191653,0.0
2018-04-09,94395.21624191653,0.0
2018-04-10,94395.21624191653,0.0
2018-04-11,94388.84583800432,-6.748651219656843e-05
2018-04-12,94985.8142891574,0.0063245656396480054
2018-04-13,94797.02811174956,-0.0019875197030276848
2018-04-16,95378.51497946272,0.0061340200140840295
2018-04-17,96588.37837230382,0.012684862970466781
2018-04-18,96660.58339971323,0.00074755398761428
2018-04-19,95431.38024948744,-0.012716694923542438
2018-04-20,93459.83890346358,-0.0206592563250122
2018-04-23,93489.4018376041,0.00031631698157608135
2018-04-24,91881.4940360307,-0.017198824358363396
2018-04-25,91608.81852558302,-0.0029676869461955357
2018-04-26,92580.39882211413,0.010605750758152066
2018-04-27,93147.59159932505,0.006126488807860264
2018-04-30,92125.6600454941,-0.010971100124915645
2018-05-01,92561.93629372607,0.0047356648301517534
2018-05-02,92045.77135012104,-0.0055764276793767165
2018-05-03,92240.33486081973,0.002113769137298105
2018-05-04,92617.65548047957,0.004090624998588588
2018-05-07,92975.31581726165,0.0038616863591138806
2018-05-08,92982.88505807552,8.14112944638179e-05
2018-05-09,93587.66390599613,0.006504195342431851
2018-05-10,94541.71750291664,0.010194223865645391
2018-05-11,94441.63840669484,-0.0010585707438487413
2018-05-14,94496.70007471519,0.0005830232188819284
2018-05-15,93758.70768776677,-0.007809715962196706
2018-05-16,94264.5644062246,0.005395303870254109
2018-05-17,93702.60348406484,-0.005961528870361499
2018-05-18,93576.3971401538,-0.0013468819351695194
2018-05-21,94448.38516404315,0.009318461177590942
2018-05-22,94256.08434394278,-0.0020360413761058016
2018-05-23,94938.53310563558,0.00724036826315122
2018-05-24,94721.2185875705,-0.002289002272905072
2018-05-25,94741.90795635596,0.0002184238029658836
2018-05-29,94167.4666162664,-0.006063223260757811
2018-05-30,94816.61140099171,0.006893514374455512
2018-05-31,94491.44706790685,-0.0034294025939157757
2018-06-01,96015.18883581228,0.01612571100546689
2018-06-04,96728.21262855624,0.007426156229961123
2018-06-05,97178.51067376675,0.004655291697983621
2018-06-06,97641.68875669478,0.004766260356499519
2018-06-07,96984.38593546148,-0.006731784646527128
2018-06-08,97043.09738449779,0.0006053701167461067
2018-06-11,96802.48008832458,-0.0024794890379462586
2018-06-12,97102.39324385862,0.0030981970220225197
2018-06-13,96590.92937033634,-0.005267263312839443
2018-06-14,96881.07754673723,0.00300388637206761
2018-06-15,96068.14136691066,-0.008391072853565218
2018-06-18,96245.5691554129,0.001846895193117204
2018-06-19,95619.92959723758,-0.006500450500376398
2018-06-20,96127.76448377148,0.005310973231971161
2018-06-21,95687.79026120834,-0.00457697341580654
2018-06-22,95490.65187735073,-0.0020602250644462528
2018-06-25,94382.93566526927,-0.011600258143637188
2018-06-26,94587.25988251259,0.002164842784377452
2018-06-27,94587.23418361707,-2.7169510519176043e-07
2018-06-28,94587.23418411666,5.28177501735172e-12
2018-06-29,94587.23418411642,-2.6645352591003757e-15
2018-07-02,94587.23418411642,0.0
2018-07-03,94587.23418411642,0.0
2018-07-05,94587.23418411642,0.0
2018-07-06,94587.23418411642,0.0
2018-07-09,94587.23418411642,0.0
2018-07-10,94622.99025821763,0.00037802219728311215
2018-07-11,94428.2618429613,-0.002057939774730455
2018-07-12,95959.53913650355,0.016216302870096566
2018-07-13,96452.17644263036,0.005133802335440807
2018-07-16,96182.3747159078,-0.0027972590839672185
2018-07-17,96729.34735244879,0.005686828154914725
2018-07-18,96354.78236216583,-0.003872299364516274
2018-07-19,96239.48259567078,-0.001196616957336638
2018-07-20,96748.7115954326,0.0052912690927613415
2018-07-23,97422.8908022838,0.006968353332397426
2018-07-24,97691.50963182928,0.0027572455234430304
2018-07-25,99306.78531398597,0.016534453078309364
2018-07-26,98733.14653787203,-0.005776430827966195
2018-07-27,97352.05414615957,-0.013988133065147457
2018-07-30,96240.47911653019,-0.011418095276762408
2018-07-31,96672.59575296419,0.0044899676352481155
2018-08-01,98528.5564022639,0.019198415381773914
2018-08-02,100099.92793155402,0.01594838680955246
2018-08-03,100490.79278254445,0.0039047465774171286
2018-08-06,100808.98270065762,0.003166358920082546
2018-08-07,100823.2696210075,0.00014172269144197003
2018-08-08,101045.41467178905,0.0022033113151020967
2018-08-09,101337.83426667663,0.0028939422519804747
2018-08-10,100798.82291513085,-0.005318954716629687
2018-08-13,100649.58217579639,-0.0014805801795931828
2018-08-14,101437.50429701993,0.00782836951918342
2018-08-15,100795.51049759821,-0.006328958937533491
2018-08-16,101535.98593876859,0.007346313714915009
2018-08-17,102323.35201073813,0.007754551893004447
2018-08-20,101790.60877565898,-0.005206467777005952
2018-08-21,101487.02152107825,-0.0029824682083375853
2018-08-22,101416.99516081173,-0.0006900031079538627
2018-08-23,101448.87998611288,0.00031439331495275447
2018-08-24,101744.49810879261,0.0029139614229374278
2018-08-27,102275.01211746137,0.005214178835513117
2018-08-28,102580.1415754776,0.0029834213822022004
2018-08-29,103791.04230539911,0.011804436134751795
2018-08-30,103981.9564867428,0.001839409038613793
2018-08-31,104525.74089769204,0.005229603570871211
2018-09-04,104402.43687186837,-0.0011796522537387277
2018-09-05,103018.67475203538,-0.013254117061762272
2018-09-06,102385.89509340361,-0.006142378167403706
2018-09-07,101870.61559699953,-0.005032719555110643
2018-09-10,101810.12083451365,-0.0005938391766001638
2018-09-11,103420.88641583764,0.015821271678305715
2018-09-12,103125.10926768937,-0.0028599363087935536
2018-09-13,104566.06727570547,0.013972911333123506
2018-09-14,104302.81282614847,-0.002517589658056929
2018-09-17,102762.15736302911,-0.014770986720054391
2018-09-18,103332.46277971254,0.0055497610338084424
2018-09-19,102898.18415679637,-0.0042027317576082135
2018-09-20,104051.60443052751,0.011209335550310229
2018-09-21,104249.7414695592,0.001904218970155025
2018-09-24,104274.63339946391,0.0002387721020102873
2018-09-25,104176.90395803942,-0.0009372312156697982
2018-09-26,103935.47829131331,-0.002317458645376469
2018-09-27,104157.41808617412,0.002135361269409275
2018-09-28,104151.03886082539,-6.124600115808843e-05
2018-10-01,104539.72661381957,0.003731962323617166
2018-10-02,104692.86092253358,0.0014648432100812236
2018-10-03,105161.01085234173,0.004471650938592253
2018-10-04,103494.00689938175,-0.01585192020739168
2018-10-05,102530.87818621405,-0.00930613029703331
2018-10-08,102023.96090296141,-0.004944045074226189
2018-10-09,102553.40463309738,0.005189405757727306
2018-10-10,100883.864894609,-0.0162797105026542
2018-10-11,100578.33968974969,-0.003028484338684745
2018-10-12,101521.32266822191,0.009375606928698765
2018-10-15,101521.33673199304,1.3853021973986301e-07
2018-10-16,101521.33672941296,-2.541422627899692e-11
2018-10-17,101521.33672941293,-3.3306690738754696e-16
2018-10-18,101521.33672941293,0.0
2018-10-19,101521.33672941293,0.0
2018-10-22,101521.33672941293,0.0
2018-10-23,101521.33672941293,0.0
2018-10-24,101521.33672941293,0.0
2018-10-25,101521.33672941293,0.0
2018-10-26,101521.33672941293,0.0
2018-10-29,101521.33672941293,0.0
2018-10-30,101521.33672941293,0.0
2018-10-31,101521.33672941293,0.0
2018-11-01,101521.33672941293,0.0
2018-11-02,101521.33672941293,0.0
2018-11-05,101521.33672941293,0.0
2018-11-06,101521.33672941293,0.0
2018-11-07,101521.33672941293,0.0
2018-11-08,101530.1456454622,8.676911015026434e-05
2018-11-09,100531.42372965536,-0.00983670327130537
2018-11-12,99092.55771684105,-0.014312599577656848
2018-11-13,99058.34068396677,-0.00034530376107611005
2018-11-14,98362.87538828004,-0.007020764641167632
2018-11-15,99430.43891307246,0.010853317581234645
2018-11-16,99826.85133542409,0.00398683166528313
2018-11-19,99733.01827298256,-0.0009399581493985121
2018-11-20,99733.14902524924,1.3110228582746686e-06
2018-11-21,99733.14901710505,-8.165979004104429e-11
2018-11-23,99733.14901710555,4.884981308350689e-15
2018-11-26,99733.14901710555,0.0
2018-11-27,99733.14901710555,0.0
2018-11-28,99733.14901710555,0.0
2018-11-29,99733.14901710555,0.0
2018-11-30,99785.54199936154,0.0005253316752988901
2018-12-03,100165.43355824164,0.003807080176831068
2018-12-04,98168.20191690695,-0.019939330070122274
2018-12-06,98341.51931563242,0.00176551465078445
2018-12-07,96283.67658670984,-0.020925472203839224
2018-12-10,97218.40459972729,0.009708063154149071
2018-12-11,97909.66444978591,0.0071103805180172674
2018-12-12,98066.32342139278,0.0016000358339214316
2018-12-13,98178.39235091284,0.0011427871017299918
2018-12-14,97096.28965172739,-0.011021800961231398
2018-12-17,96107.4658828901,-0.01018395010132811
2018-12-18,96375.19600151273,0.002785736947313433
2018-12-19,96375.20518455116,9.528425159999188e-08
2018-12-20,96375.20518653758,2.061129045216603e-11
2018-12-21,96375.20518653755,-3.3306690738754696e-16
2018-12-24,96375.20518653755,0.0
2018-12-26,96375.20518653755,0.0
2018-12-27,96375.20518653755,0.0
2018-12-28,96375.20518653755,0.0
2018-12-31,96375.20518653755,0.0
2019-01-02,96375.20518653755,0.0
2019-01-03,96375.20518653755,0.0
2019-01-04,96375.20518653755,0.0
2019-01-07,96375.20518653755,0.0
2019-01-08,96375.20518653755,0.0
2019-01-09,96375.20518653755,0.0
2019-01-10,96659.75182166469,0.0029524879825302275
2019-01-11,96540.84055180845,-0.0012302045847958354
2019-01-14,96127.71509428542,-0.004279281754350661
2019-01-15,97385.45221984616,0.013084021859118389
2019-01-16,97574.48803872944,0.001941109422139764
2019-01-17,98035.79972177123,0.004727789940939031
2019-01-18,98779.50553357866,0.007586063600420356
2019-01-22,96942.25829898928,-0.018599477944995724
2019-01-23,97469.88953045124,0.005442737158388056
2019-01-24,97051.07576892845,-0.004296852736166756
2019-01-25,98743.56286507787,0.017439137925468362
2019-01-28,97515.79969746535,-0.012433855250798653
2019-01-29,96443.73283997174,-0.010993775991373855
2019-01-30,100345.5072337202,0.04045648461391105
2019-01-31,100262.32498940486,-0.0008289583321512417
2019-02-01,99763.38767876032,-0.004976318978213046
2019-02-04,101054.87661903564,0.012945520098354368
2019-02-05,101829.47895521177,0.007665165324938217
2019-02-06,101495.95834952827,-0.003275285399723993
2019-02-07,100235.26862832438,-0.012421082984037324
2019-02-08,100444.14360195676,0.0020838470978403745
2019-02-11,100107.78741020427,-0.003348688929893373
2019-02-12,101334.27429236434,0.012251663071269236
2019-02-13,101251.24619275791,-0.000819348637824957
2019-02-14,101349.50258046752,0.0009704215148380602
2019-02-15,101994.72542551512,0.006366314867064293
2019-02-19,102142.32529797866,0.0014471324065805646
2019-02-20,102295.89449058058,0.00150348244132803
2019-02-21,102652.34252588292,0.003484480360403497
2019-02-22,103749.27313617214,0.010685879964333234
2019-02-25,104257.25863979654,0.004896280120995744
2019-02-26,104497.72018823405,0.0023064250065147895
2019-02-27,104547.36659320384,0.00047509557988800744
2019-02-28,104066.29522772157,-0.004601468034619471
2019-03-01,104815.54979759568,0.00719978133395216
2019-03-04,104819.0837259855,3.3715688146029876e-05
2019-03-05,104527.38541196263,-0.0027828741070224927
2019-03-06,104127.56740732164,-0.003825007227199251
2019-03-07,103004.74919061789,-0.01078310234898272
2019-03-08,103071.5042681136,0.0006480776665178656
2019-03-11,105569.645650861,0.024236974132531675
2019-03-12,106316.02123459597,0.007069982845290479
2019-03-13,106767.62761293193,0.0042477735066801525
2019-03-14,107247.48509293362,0.004494409876196981
2019-03-15,108259.99580777905,0.009440880725250178
2019-03-18,109309.61676919601,0.009695372271033786
2019-03-19,109010.01908764284,-0.0027408172346424786
2019-03-20,109239.30807820655,0.0021033753822148338
2019-03-21,111965.84121165483,0.0249592676978172
2019-03-22,109486.66260564615,-0.022142276422700724
2019-03-25,109138.81498823356,-0.0031770775465637113
2019-03-26,109005.02195200506,-0.0012258978278527621
2019-03-27,108872.85529296119,-0.001212482293724615
2019-03-28,109093.75038749962,0.0020289271732980563
2019-03-29,109864.5723514106,0.007065683975232773
2019-04-01,110861.09466123336,0.009070460918332302
2019-04-02,111552.67977073869,0.006238303091076647
2019-04-03,112138.77984480292,0.005254020569194662
2019-04-04,112106.7167505008,-0.00028592333844279505
2019-04-05,112721.94836327639,0.005487910364414761
2019-04-08,113454.01430324843,0.006494440085552444
2019-04-09,112949.7624819739,-0.004444548078543331
2019-04-10,113587.28864727424,0.005644333828520365
2019-04-11,113249.7904513086,-0.0029712672957067365
2019-04-12,113631.8258019045,0.003373386821057034
2019-04-15,113722.54597484399,0.0007983694031075128
2019-04-16,113665.59314983511,-0.0005008050472372627
2019-04-17,114762.34292998661,0.00964891617383068
2019-04-18,115470.60549399606,0.006171558944570776
2019-04-22,115769.64965614198,0.002589786040062547
2019-04-23,117241.13953168836,0.012710497785187957
2019-04-24,116961.96984205116,-0.0023811581050160457
2019-04-25,117792.951203131,0.007104714140861557
2019-04-26,117951.11273534778,0.0013427079515482276
2019-04-29,118033.59093592779,0.0006992575031070647
2019-04-30,117434.27535266135,-0.005077500214254793
2019-05-01,118546.90297408757,0.009474470873898966
2019-05-02,117661.83474053322,-0.0074659751655242745
2019-05-03,119376.15597020683,0.014569900541276049
2019-05-06,118279.96029240094,-0.009182702097389361
2019-05-07,115688.00910373098,-0.021913696811043715
2019-05-08,115646.95057540383,-0.0003549073810262815
2019-05-09,114899.4569670228,-0.006463582521301747
2019-05-10,114766.51608773165,-0.0011570192131482582
2019-05-13,111478.55831960005,-0.02864910324208292
2019-05-14,111631.99453179502,0.0013763742060162176
2019-05-15,111631.99409052331,-3.952914329197199e-09
2019-05-16,111631.99408825386,-2.032973789312109e-11
2019-05-17,111631.99408825404,1.5543122344752192e-15
2019-05-20,111631.99408825404,0.0
2019-05-21,111631.99408825404,0.0
2019-05-22,111942.1107528138,0.0027780267394899028
2019-05-23,111495.541077269,-0.003989291184002264
2019-05-24,111510.38312032317,0.00013311781718594595
2019-05-28,111724.78726582801,0.0019227280859890339
2019-05-29,111582.94877656427,-0.0012695346550650743
2019-05-30,111672.49257238541,0.0008024863727202902
2019-05-31,111672.53775471546,4.0459677230764157e-07
2019-06-03,111672.53775417482,-4.84134954348292e-12
2019-06-04,111672.53775417437,-3.9968028886505635e-15
2019-06-05,111672.53775417437,0.0
2019-06-06,111672.53775417437,0.0
2019-06-07,111672.53775417437,0.0
2019-06-10,111672.53775417437,0.0
2019-06-11,110898.90920095878,-0.00692765265994566
2019-06-12,110540.33086761177,-0.003233380165148625
2019-06-13,110894.09549480859,0.003200321768717096
2019-06-14,110592.97286927057,-0.0027154072017487874
2019-06-17,110966.83212303276,0.003380497368527413
2019-06-18,112935.10934238593,0.017737527346647797
2019-06-19,113035.34910277466,0.0008875872257301243
2019-06-20,114044.29203518068,0.008925906279890095
2019-06-21,113853.5648222645,-0.0016723959569792113
2019-06-24,113998.32036217838,0.0012714185993196736
2019-06-25,111801.78936565208,-0.019268099648729997
2019-06-26,112828.9581136044,0.009187408840058309
2019-06-27,112985.47673597312,0.001387220311040327
2019-06-28,112707.36597055588,-0.002461473575644857
2019-07-01,114265.99214694226,0.013828964619699846
2019-07-02,114861.28221021438,0.005209687082632586
2019-07-03,115728.45108092681,0.007549705645157001
2019-07-05,115541.47966272691,-0.0016156046024425885
2019-07-08,114424.03388750237,-0.009671381900997256
2019-07-09,114585.86110718185,0.0014142764783016126
2019-07-10,115563.19271141593,0.008529251294973506
2019-07-11,115481.12849899362,-0.0007101241363869359
2019-07-12,116099.87378853551,0.005357977511860623
2019-07-15,116525.48668596087,0.00366592041435454
2019-07-16,115744.66437689759,-0.006700871468296232
2019-07-17,115054.82057001734,-0.005960048444513366
2019-07-18,115709.31803619317,0.005688570569518436
2019-07-19,114921.3569175449,-0.006809832881409017
2019-07-22,116513.74603608476,0.013856337596869883
2019-07-23,117344.01775824364,0.007125955094618108
2019-07-24,117859.86682363889,0.004396040592866246
2019-07-25,117199.65264370917,-0.005601687815561918
2019-07-26,117903.65152278868,0.00600683417739889
2019-07-29,118173.92895411901,0.0022923584455574186
2019-07-30,117702.591574796,-0.003988505616209226
2019-07-31,117110.45792349672,-0.005030761373873371
2019-08-01,116332.38713805693,-0.0066439052432710755
2019-08-02,114812.38583265114,-0.013066020072311724
2019-08-05,110674.45552744574,-0.03604080060871473
2019-08-06,111913.55339291164,0.011195879478789195
2019-08-07,111562.76355119106,-0.003134471483440482
2019-08-08,111562.73808973443,-2.2822540268752078e-07
2019-08-09,111562.73809259073,2.560263112627581e-11
2019-08-12,111562.73809259103,2.6645352591003757e-15
2019-08-13,111562.73809259103,0.0
2019-08-14,111562.73809259103,0.0
2019-08-15,111562.73809259103,0.0
2019-08-16,111562.73809259103,0.0
2019-08-19,111562.73809259103,0.0
2019-08-20,111450.63674139182,-0.0010048278942935696
2019-08-21,111909.660752194,0.004118630671148926
2019-08-22,111872.5569377132,-0.0003315514874355774
2019-08-23,108853.78017473563,-0.0269840687082743
2019-08-26,110194.9661186004,0.012320986388454802
2019-08-27,109812.88050078257,-0.003467360000878772
2019-08-28,110031.41967887335,0.001990105141529641
2019-08-29,111186.11780818438,0.010494258209891472
2019-08-30,111133.09511996957,-0.0004768822696578079
2019-09-03,110365.83113033984,-0.006904009906333108
2019-09-04,111865.06857362777,0.013584253640217314
2019-09-05,113770.01262741435,0.017028944585438577
2019-09-06,113520.69817166417,-0.002191389892577944
2019-09-09,113275.34055921124,-0.0021613469297194765
2019-09-10,113375.43503102989,0.0008836386747945735
2019-09-11,114998.42505666958,0.014315182342590216
2019-09-12,115394.14045191336,0.003441050562638326
2019-09-13,114451.09185995674,-0.008172413159484582
2019-09-16,114167.40838831704,-0.0024786436462032047
2019-09-17,114409.96604308634,0.002124578793488041
2019-09-18,114838.57249319708,0.00374623352260528
2019-09-19,114685.52415915875,-0.0013327258491252492
2019-09-20,113444.56762992522,-0.010820515826490462
2019-09-23,113548.7122759226,0.0009180223273195232
2019-09-24,112614.58336526203,-0.00822667991505388
2019-09-25,114010.98497849671,0.012399829324994949
2019-09-26,113758.62589604635,-0.0022134628737568995
2019-09-27,112885.84378004336,-0.007672228010212945
2019-09-30,114316.99457610349,0.012677858871735115
2019-10-01,113915.33360102956,-0.0035135718583515496
2019-10-02,112133.92070321171,-0.01563804311065764
2019-10-03,112587.03053573355,0.004040791846751546
2019-10-04,113818.1815556499,0.01093510517204388
2019-10-07,113828.49741726433,9.063456710900475e-05
2019-10-08,113299.64325810969,-0.004646061145971214
2019-10-09,113822.75714087898,0.004617083229270014
2019-10-10,114437.46586857975,0.005400578435645675
2019-10-11,115659.47919936826,0.010678437533664598
2019-10-14,115591.01184480097,-0.000591973567936166
2019-10-15,115862.48001647832,0.002348523188306695
2019-10-16,115371.49721821689,-0.004237634117546962
2019-10-17,115457.27464608924,0.0007434889027235769
2019-10-18,114951.65117538045,-0.004379312366922461
2019-10-21,116251.38693833642,0.011306803770682494
2019-10-22,115503.0318259303,-0.0064373865303050115
2019-10-23,116466.25575077155,0.008339382175637455
2019-10-24,117153.23245130149,0.005898504215676059
2019-10-25,117882.93202238038,0.006228591015465357
2019-10-28,118501.1891919369,0.005244670784394279
2019-10-29,117003.07376077583,-0.012642197444403314
2019-10-30,117541.03872778379,0.004597870378242108
2019-10-31,118242.59308051458,0.005968590717966515
2019-11-01,120040.16303862048,0.015202389522038784
2019-11-04,120718.42904372307,0.0056503255904807315
2019-11-05,120584.12652144805,-0.0011125270875284032
2019-11-06,120515.2935328762,-0.0005708295988661183
2019-11-07,121277.88533281418,0.006327759553022672
2019-11-08,121927.11931318472,0.00535327589682888
2019-11-11,122314.28579601739,0.003175392685512257
2019-11-12,122572.11184334537,0.0021078980729851704
2019-11-13,123150.78474900362,0.00472108130434945
2019-11-14,123017.37213934018,-0.001083327320531069
2019-11-15,124357.33534072986,0.010892471348452393
2019-11-18,124749.46751136472,0.0031532693231199893
2019-11-19,124586.33230868386,-0.0013077025973357026
2019-11-20,123780.62749807743,-0.006467040129331081
2019-11-21,123448.90400946618,-0.002679930578122214
2019-11-22,123507.7433589012,0.0004766291763149688
2019-11-25,125102.18919267818,0.012909683153579099
2019-11-26,124959.10376065507,-0.0011437484263583375
2019-11-27,125896.3404310979,0.007500347251513606
2019-11-29,125417.79418273085,-0.0038011132549873317
2019-12-02,124048.64387526238,-0.010916714939776861
2019-12-03,122816.08808202283,-0.009936068261084285
2019-12-04,123619.49642186648,0.0065415561787565135
2019-12-05,124466.32854344619,0.006850312014617721
2019-12-06,125600.5026599848,0.009112296713586376
2019-12-09,124779.57741204792,-0.006536002886542769
2019-12-10,124992.23036380325,0.0017042288182553822
2019-12-11,125684.31866814184,0.005537050601658988
2019-12-12,126495.23487837607,0.006452007846542651
2019-12-13,127578.56751858056,0.00856421699399279
2019-12-16,129002.95158894523,0.011164759865776253
2019-12-17,128902.37961755102,-0.0007796098473364932
2019-12-18,128691.99423405202,-0.001632129555119155
2019-12-19,129229.79799687443,0.004178999369955472
2019-12-20,129683.6467365114,0.003511951165070526
2019-12-23,130642.72879668427,0.007395551284284263
2019-12-24,130687.7622579672,0.0003447069859741081
2019-12-26,132323.04978025967,0.012512935366239875
2019-12-27,132362.67907507514,0.0002994889770246978
2019-12-30,132164.55750016173,-0.0014968084379815005
2019-12-31,132698.34171622334,0.0040387848766560985
2020-01-02,135088.75255234196,0.01801387119991693
2020-01-03,133749.04800204857,-0.009917217569792136
2020-01-06,134451.20154923468,0.005249783513788797
2020-01-07,133707.12573973965,-0.005534170025416674
2020-01-08,135482.6342227554,0.013279086459997425
2020-01-09,137495.8709004618,0.014859739694729424
2020-01-10,137340.19978570673,-0.0011321875612377852
2020-01-13,139397.12631173857,0.014976871514977175
2020-01-14,138196.85398918818,-0.008610452412528002
2020-01-15,138280.03847317887,0.0006019274794575313
2020-01-16,140094.05335281897,0.013118414629252229
2020-01-17,141135.2807871079,0.007432345694693199
2020-01-21,140485.45462103892,-0.004604278692364683
2020-01-22,140508.7188202776,0.00016559863297893607
2020-01-23,141115.7263588006,0.004320070267663789
2020-01-24,140182.5511339345,-0.0066128364920392535
2020-01-27,137067.13897805696,-0.02222396532718951
2020-01-28,139965.49227913134,0.021145500830351383
2020-01-29,141904.6999528122,0.013854898390336823
2020-01-30,143119.42877041717,0.008560173257185388
2020-01-31,139549.10818976542,-0.0249464423616379
2020-02-03,140421.04198068113,0.00624822187849472
2020-02-04,143884.983398622,0.02466825034966935
2020-02-05,144341.88568310137,0.0031754688619143323
2020-02-06,146024.36927980886,0.01165623955059969
2020-02-07,145212.9816061544,-0.005556522364425942
2020-02-10,147087.94273140377,0.012911801028468783
2020-02-11,145695.4086219982,-0.00946735730710746
2020-02-12,147504.63814250057,0.012417889744187782
2020-02-13,146745.8685232563,-0.00514403905395322
2020-02-14,147238.2521996028,0.003355349498432192
2020-02-18,146425.31931395544,-0.0055212071150188
2020-02-19,147656.44046138728,0.008407843351136313
2020-02-20,146136.2336314142,-0.010295567367213043
2020-02-21,142847.0906350455,-0.02250737489693755
2020-02-24,136774.83308458945,-0.04250879400806151
2020-02-25,135560.847818532,-0.008875794169726059
2020-02-26,136119.55707199575,0.0041214647330301
2020-02-27,136119.79185880948,1.7248573149775126e-06
2020-02-28,136119.79188264368,1.750972700165221e-10
2020-03-02,136119.7918826426,-7.882583474838611e-15
2020-03-03,136119.7918826426,0.0
2020-03-04,136119.7918826426,0.0
2020-03-05,136119.7918826426,0.0
2020-03-06,136119.7918826426,0.0
2020-03-09,136119.7918826426,0.0
2020-03-10,136119.7918826426,0.0
2020-03-11,136119.7918826426,0.0
2020-03-12,136119.7918826426,0.0
2020-03-13,136119.7918826426,0.0
2020-03-16,136119.7918826426,0.0
2020-03-17,136119.7918826426,0.0
2020-03-18,136119.7918826426,0.0
2020-03-19,136119.7918826426,0.0
2020-03-20,136119.7918826426,0.0
2020-03-23,136119.7918826426,0.0
2020-03-24,136119.7918826426,0.0
2020-03-25,136119.7918826426,0.0
2020-03-26,136119.7918826426,0.0
2020-03-27,136119.7918826426,0.0
2020-03-30,136119.7918826426,0.0
2020-03-31,135653.26436724444,-0.003427330507531079
2020-04-01,134150.30784914905,-0.011079398089724912
2020-04-02,135001.1262538977,0.006342276945837444
2020-04-03,134614.11138351567,-0.002866752901410363
2020-04-06,138581.2942405793,0.029470779967199157
2020-04-07,138148.50744962122,-0.0031229813037159104
2020-04-08,139735.65036920065,0.011488672218613827
2020-04-09,140109.9344205402,0.002678515113005542
2020-04-13,141052.7710645033,0.0067292633307012295
2020-04-14,147380.81774530368,0.04486297314858545
2020-04-15,145528.42102046806,-0.012568777627742889
2020-04-16,147589.34781332663,0.014161679061773791
2020-04-17,148112.84643445723,0.003546994609615828
2020-04-20,145198.86167110736,-0.019674085222846416
2020-04-21,140247.81704994757,-0.03409837077355671
2020-04-22,144279.78104375792,0.028748853840444566
2020-04-23,143479.00431143987,-0.005550165979772204
2020-04-24,146598.55810810314,0.021742231984631433
2020-04-27,147036.04331687727,0.0029842395069910044
2020-04-28,144703.5534699765,-0.015863388284150348
2020-04-29,149759.52526384796,0.03494020480236859
2020-04-30,151231.00280442048,0.00982560233133789
2020-05-01,147937.8459700371,-0.021775672800650847
2020-05-04,150088.4073133851,0.01453692480951485
2020-05-05,151930.51775377122,0.012273502486702892
2020-05-06,152835.55774436973,0.005956933498148631
2020-05-07,154256.2200940362,0.009295365362834263
2020-05-08,156779.0236983634,0.016354631293242328
2020-05-11,158421.65672220418,0.010477377554035217
2020-05-12,155727.79798638038,-0.01700435907287312
2020-05-13,153494.83148779764,-0.014338907551868396
2020-05-14,154561.92696262983,0.006951996132306348
2020-05-15,155027.12550847136,0.003009787435905853
2020-05-18,158253.9425703431,0.020814531981342865
2020-05-19,157108.00291878817,-0.007241144409691702
2020-05-20,159796.77060402426,0.017114135723728552
2020-05-21,158397.96781739904,-0.008753636142569188
2020-05-22,158950.22436067334,0.003486512806218256
2020-05-26,158414.21684690315,-0.003372172111905547
2020-05-27,159368.4908471386,0.006023916408700147
2020-05-28,159220.84737198087,-0.0009264282693078885
2020-05-29,159820.51019872638,0.0037662331073049504
2020-06-01,160739.353499689,0.005749220170928604
2020-06-02,161777.14495690685,0.006456362021014739
2020-06-03,162842.91152440815,0.006587868563171728
2020-06-04,161450.05911074596,-0.0085533499777386
2020-06-05,165688.9440336375,0.026255084366267667
2020-06-08,166942.5620473778,0.0075660933265759844
2020-06-09,169366.1477981743,0.01451748266633568
2020-06-10,172992.68643808964,0.021412417339957024
2020-06-11,163985.6240573767,-0.0520661454895458
2020-06-12,165496.29636219866,0.009212224019670145
2020-06-15,167126.19045645517,0.009848523079268201
2020-06-16,171162.81930076174,0.024153179302907057
2020-06-17,171063.4126298573,-0.0005807725726330037
2020-06-18,171430.34533382035,0.0021450098435542575
2020-06-19,169946.1764202475,-0.008657562409285169
2020-06-22,173700.68229202263,0.022092323292351557
2020-06-23,175953.35436706792,0.012968700210734596
2020-06-24,172395.11654329768,-0.02022262000386288
2020-06-25,174045.2609243923,0.009571874274525438
2020-06-26,170471.82268531743,-0.020531660673181018
2020-06-29,172855.27652831253,0.013981512049618061
2020-06-30,174881.77197412206,0.011723653952082858
2020-07-01,175048.57055294316,0.0009537790985201244
2020-07-02,175467.07232789125,0.002390775163865211
2020-07-06,178832.44777477023,0.01917952697466907
2020-07-07,177714.49706959,-0.0062513862505994
2020-07-08,181174.47255059078,0.019469292252763726
2020-07-09,181650.23254567856,0.002625976984450329
2020-07-10,182082.3738221741,0.0023789745294537923
2020-07-13,179589.65725443032,-0.013690048714864678
2020-07-14,181847.1793415931,0.012570445991577639
2020-07-15,182723.66446572563,0.004819899474415745
2020-07-16,180406.5963168879,-0.012680722858819049
2020-07-17,180078.91421237582,-0.0018163532332071686
2020-07-20,184547.37386649608,0.024813897138731056
2020-07-21,182650.46213386572,-0.010278725147303436
2020-07-22,183931.37849786406,0.0070129379856676
2020-07-23,177022.83332230357,-0.03756044907607059
2020-07-24,176228.38352592086,-0.0044878379894433
2020-07-27,179158.0211038593,0.016624096069675076
2020-07-28,177438.84960315618,-0.00959583885840365
2020-07-29,178357.76997307854,0.005178800313333509
2020-07-30,178213.62988162713,-0.0008081514557687353
2020-07-31,178528.47255768484,0.0017666587918490073
2020-08-03,179370.48344420368,0.004716395510787619
2020-08-04,180092.80395087023,0.004026975301603786
2020-08-05,180149.02687475848,0.00031218861972726053
2020-08-06,184268.5191127621,0.022867135668001914
2020-08-07,181300.38066626486,-0.016107680578259287
2020-08-10,181617.5757345196,0.0017495554454385331
2020-08-11,177438.09534543738,-0.02301253263721348
2020-08-12,182305.459797262,0.027431338475251366
2020-08-13,183647.63560805804,0.007362235954362806
2020-08-14,183618.6354026144,-0.00015791221786021215
2020-08-17,183683.364251676,0.00035251786355816606
2020-08-18,184503.0189369549,0.0044623240031462785
2020-08-19,183980.04261593422,-0.0028345136249471325
2020-08-20,187333.3994099802,0.01822674213118991
2020-08-21,191810.8328092787,0.023900881601468305
2020-08-24,193561.94972447853,0.009129395298236309
2020-08-25,193600.9924591284,0.0002017066613839713
2020-08-26,196523.85403402417,0.01509734809604768
2020-08-27,196799.7043662428,0.0014036480893095948
2020-08-28,197517.99228999513,0.0036498424937447815
2020-08-31,199791.88920285754,0.011512353312724377
2020-09-01,204622.77376847668,0.024179582989548365
2020-09-02,204185.0415221328,-0.0021392156810422502
2020-09-03,190911.49772949502,-0.06500742509680357
2020-09-04,189857.0005711876,-0.005523486908062369
2020-09-08,179493.30953066456,-0.05458682592342512
2020-09-09,185959.93499753467,0.036027111449328686
2020-09-10,188091.54356127448,0.011462730204589766
2020-09-11,188319.41366908205,0.0012114851284281691
2020-09-14,188319.37073344606,-2.2799367915826707e-07
2020-09-15,188319.3707300732,-1.791033987785795e-11
2020-09-16,188319.37073007302,-8.881784197001252e-16
2020-09-17,188319.37073007302,0.0
2020-09-18,188319.37073007302,0.0
2020-09-21,188319.37073007302,0.0
2020-09-22,188319.37073007302,0.0
2020-09-23,188319.37073007302,0.0
2020-09-24,188319.37073007302,0.0
2020-09-25,188319.37073007302,0.0
2020-09-28,188319.37073007302,0.0
2020-09-29,188319.37073007302,0.0
2020-09-30,188319.37073007302,0.0
2020-10-01,188319.37073007302,0.0
2020-10-02,187935.74432171357,-0.0020371054070126293
2020-10-05,192324.31774739095,0.023351456858387243
2020-10-06,187833.40711948278,-0.023350716542287486
2020-10-07,191126.46400669217,0.017531795529400318
2020-10-08,191603.10456222467,0.0024938490753212417
2020-10-09,194994.81368863667,0.017701744103580053
2020-10-12,203247.19139396207,0.04232101125777943
2020-10-13,200619.79142239795,-0.012927115762556007
2020-10-14,199902.72498966285,-0.003574255698558404
2020-10-15,199153.26690024856,-0.0037491139225492853
2020-10-16,197732.0798791772,-0.007136147165405005
2020-10-19,193156.7841331574,-0.023138864208658072
2020-10-20,194704.54933152132,0.008012999415526245
2020-10-21,194139.9117941088,-0.0028999709526618123
2020-10-22,193458.5920680748,-0.0035094263705887085
2020-10-23,193359.52091409927,-0.0005121052154699601
2020-10-26,190121.15549748202,-0.016747897395008038
2020-10-27,190790.24445107605,0.0035192767046006157
2020-10-28,188584.19106031634,-0.011562715887841968
2020-10-29,188584.15081963965,-2.1338308620055813e-07
2020-10-30,188584.15082475028,2.710009994189022e-11
2020-11-02,188584.15082474932,-5.10702591327572e-15
2020-11-03,188584.15082474932,0.0
2020-11-04,188584.15082474932,0.0
2020-11-05,188584.15082474932,0.0
2020-11-06,188584.15082474932,0.0
2020-11-09,186067.87075104448,-0.01334300927570109
2020-11-10,184583.38147527806,-0.007978213916107202
2020-11-11,189069.76458541895,0.02430545520557481
2020-11-12,188193.61010694958,-0.004634027446908551
2020-11-13,189033.1454683714,0.00446101948384281
2020-11-16,190556.06050960545,0.008056338677858266
2020-11-17,188935.2800009117,-0.00850553115109165
2020-11-18,186655.4956267953,-0.01206648315817671
2020-11-19,187648.07976576095,0.005317733269157188
2020-11-20,185829.62734735623,-0.009690759536013727
2020-11-23,183154.89736616836,-0.014393452859851164
2020-11-24,184736.36850108672,0.008634610145076493
2020-11-25,185379.4751492224,0.0034812130029062693
2020-11-27,185955.7599811425,0.0031086765752046386
2020-11-30,186066.48430473037,0.0005954336859428366
2020-12-01,186512.47792173864,0.0023969583704168684
2020-12-02,187511.7613928179,0.005357729853862958
2020-12-03,187202.6675041751,-0.0016483973397021234
2020-12-04,187045.39325241226,-0.0008401282623781148
2020-12-07,188115.31403122237,0.005720112964056057
2020-12-08,189119.82293738576,0.005339857158023209
2020-12-09,185739.0256908734,-0.017876482718745423
2020-12-10,186573.1921361224,0.004491067195740106
2020-12-11,185757.90865032625,-0.004369778296987814
2020-12-14,185076.43980516636,-0.003668585903616628
2020-12-15,190391.38358096968,0.028717560060040448
2020-12-16,190403.4293746175,6.326858611593877e-05
2020-12-17,191229.93698620587,0.004340823136973038
2020-12-18,189290.84768526937,-0.010140092767359832
2020-12-21,191249.66413016373,0.010348183596024851
2020-12-22,194331.52664648494,0.01611434211054985
2020-12-23,192993.3031637489,-0.006886291204671324
2020-12-24,194340.29923281755,0.006979496422866882
2020-12-28,198882.18609098688,0.023370792759396686
2020-12-29,197186.0080476987,-0.008528556914153107
2020-12-30,195809.17375927218,-0.006982413722242842
2020-12-31,195382.69395739379,-0.0021780379013431883
2021-01-04,191194.1951114072,-0.021437409635164273
2021-01-05,192763.03788046434,0.008205493729257718
2021-01-06,188326.77096844898,-0.023014095237316012
2021-01-07,192700.3941873004,0.023223587365516662
2021-01-08,193833.48882390757,0.00588008468475576
2021-01-11,191148.99008642533,-0.013849509461809406
2021-01-12,191015.65202742963,-0.0006975608865911198
2021-01-13,191078.71488045482,0.00033014495071914673
2021-01-14,190928.68326752807,-0.0007851822377004103
2021-01-15,190617.70490588795,-0.0016287671203618626
2021-01-19,190950.49369686912,0.0017458440764748229
2021-01-20,191539.97445410313,0.003087086845503517
2021-01-21,191580.00018553555,0.0002089680315897624
2021-01-22,191427.4470235191,-0.000796289601569633
2021-01-25,191547.30064472216,0.0006261046838718087
2021-01-26,192236.92311997816,0.003600272480660527
2021-01-27,190512.8659491728,-0.00896839765651769
2021-01-28,188652.3766288081,-0.009765688585363308
2021-01-29,182733.27504474044,-0.03137570641749221
2021-02-01,186556.89684670407,0.020924606101584198
2021-02-02,187501.94181659364,0.005065719819868697
2021-02-03,187488.2894793219,-7.281171138540099e-05
2021-02-04,189711.6256092102,0.01185853333060316
2021-02-05,189455.59646381423,-0.0013495701413859251
2021-02-08,189745.29487439524,0.0015291098071961162
2021-02-09,189351.34452201985,-0.002076206172259343
2021-02-10,188693.36730277957,-0.0034749012260842926
2021-02-11,188928.59467802834,0.0012466117840344015
2021-02-12,189416.00758532673,0.00257987896500822
2021-02-16,187576.55306367838,-0.009711188326148923
2021-02-17,186420.67784083783,-0.0061621519532250035
2021-02-18,186153.04009291815,-0.0014356655657490336
2021-02-19,185486.22712762802,-0.003582068629968571
2021-02-22,183808.95985935556,-0.009042543450508478
2021-02-23,183605.93190371263,-0.001104559624287571
2021-02-24,183386.7144323416,-0.001193956366758342
2021-02-25,182347.78668305906,-0.0056652290897868385
2021-02-26,182131.06518956186,-0.001188506301279535
2021-03-01,182697.2294017804,0.0031085537858643875
2021-03-02,182697.22587202207,-1.9320261945843242e-08
2021-03-03,182697.22587276367,4.059197422634497e-12
2021-03-04,182697.2258727637,2.220446049250313e-16
2021-03-05,182697.2258727637,0.0
2021-03-08,182697.2258727637,0.0
2021-03-09,182697.2258727637,0.0
2021-03-10,182697.2258727637,0.0
2021-03-11,182697.2258727637,0.0
2021-03-12,182697.2258727637,0.0
2021-03-15,182911.90510313708,0.0011750546804847328
2021-03-16,183137.89678319765,0.0012355219849311538
2021-03-17,183145.72580323278,4.274931716841124e-05
2021-03-18,181244.34126591403,-0.010381812237111987
2021-03-19,181135.25710446894,-0.0006018624398598238
2021-03-22,185229.3742230322,0.022602541239125085
2021-03-23,184556.56165440413,-0.0036323211232034414
2021-03-24,184113.7673160274,-0.002399233787232613
2021-03-25,183715.87612039168,-0.0021611159308513317
2021-03-26,185232.7979628524,0.008256890337918765
2021-03-29,184960.79549282521,-0.0014684357900901501
2021-03-30,184160.55660710603,-0.004326532461038313
2021-03-31,185128.44561609728,0.005255680297796772
2021-04-01,186921.87395578285,0.009687481217255156
2021-04-05,188907.21287132642,0.010621223046443529
2021-04-06,188397.7802947528,-0.002696734385259414
2021-04-07,190109.75291812798,0.009087010583122446
2021-04-08,192844.87435336114,0.014387065330683235
2021-04-09,195662.38945793352,0.014610267003569266
2021-04-12,194372.9039070407,-0.0065903598257449625
2021-04-13,197406.60269008245,0.015607621855012521
2021-04-14,194883.2797791228,-0.012782363287620835
2021-04-15,197990.52736063252,0.015944146593958264
2021-04-16,198144.23660834032,0.0007763464735250913
2021-04-19,198021.62459507576,-0.0006188018150985464
2021-04-20,196309.45886016812,-0.008646357378436664
2021-04-21,197494.38683130065,0.006036020770535444
2021-04-22,195223.57705148892,-0.011498097825693998
2021-04-23,198283.61932288922,0.015674552826133503
2021-04-26,198758.68008729164,0.0023958649031357027
2021-04-27,198585.04857313173,-0.0008735795291237025
2021-04-28,196474.0039297213,-0.010630430934144619
2021-04-29,196272.13487647392,-0.0010274593544680188
2021-04-30,194395.29671375506,-0.009562428023214165
2021-05-03,195237.48092732084,0.004332328136548824
2021-05-04,191253.5029407975,-0.020405805112832853
2021-05-05,192264.20712421788,0.0052846309629854815
2021-05-06,192622.68083468522,0.0018644848972628747
2021-05-07,192951.67805958906,0.0017079879870751657
2021-05-10,192500.49163978812,-0.002338338926814676
2021-05-11,192099.20865340933,-0.0020845816182625265
2021-05-12,191148.4169218812,-0.004949482812516726
2021-05-13,191319.91408183236,0.0008971937236668115
2021-05-14,191319.8815856126,-1.6985278250558622e-07
2021-05-17,191319.88158680196,6.2165828040861015e-12
2021-05-18,191319.8815868019,-3.3306690738754696e-16
2021-05-19,191319.8815868019,0.0
2021-05-20,191319.8815868019,0.0
2021-05-21,191319.8815868019,0.0
2021-05-24,191319.8815868019,0.0
2021-05-25,191319.8815868019,0.0
2021-05-26,191321.9997493638,1.1071314409916155e-05
2021-05-27,190782.0544132964,-0.002822181122791645
2021-05-28,190933.17270640313,0.0007920990974306097
2021-06-01,190434.24976251577,-0.0026130762759311033
2021-06-02,190483.5190530878,0.0002587207428992322
2021-06-03,189996.97892119846,-0.002554237418061045
2021-06-04,191423.76997492585,0.007509546003461098
2021-06-07,191996.05789512862,0.0029896387490317977
2021-06-08,191752.0960967825,-0.0012706604553275325
2021-06-09,191895.00288895675,0.0007452684746773741
2021-06-10,192129.78003093108,0.0012234666793808913
2021-06-11,193268.4874728161,0.005926761804972092
2021-06-14,196146.2026795767,0.014889727986127976
2021-06-15,195130.13932149514,-0.0051801326979620255
2021-06-16,195064.3705899193,-0.00033705060532696063
2021-06-17,197005.44734238207,0.009950954890390884
2021-06-18,195100.93971457158,-0.009667284095452366
2021-06-21,197775.84138996407,0.013710347470933915
2021-06-22,199870.77281409354,0.010592453605082985
2021-06-23,199609.25284922073,-0.001308445257856894
2021-06-24,199692.76828462037,0.00041839460950598983
2021-06-25,199284.50828110563,-0.002044440602540165
2021-06-28,201384.0364520835,0.010535330563760326
2021-06-29,203135.69150401378,0.008698082940387764
2021-06-30,203550.8053020175,0.0020435295980250068
2021-07-01,204170.1601454418,0.003042753097956652
2021-07-02,207784.91226698388,0.017704605408386254
2021-07-06,209265.69167018274,0.007126501087317605
2021-07-07,211824.39152646757,0.012227039396011108
2021-07-08,209936.3185211913,-0.008913388074292428
2021-07-09,211947.7067416156,0.009580944519712808
2021-07-12,211514.5764477374,-0.002043571504202313
2021-07-13,212972.313528106,0.006891898917088524
2021-07-14,216010.43060698625,0.014265314718851174
2021-07-15,215041.41472350524,-0.004485968019035447
2021-07-16,213047.7397730603,-0.009271120881567563
2021-07-19,208632.6698562457,-0.020723383038550813
2021-07-20,212547.55696875922,0.018764497023457505
2021-07-21,212764.36530994184,0.001020046262938168
2021-07-22,214882.052551026,0.009953204513355463
2021-07-23,217131.3307535967,0.010467501477521512
2021-07-26,217504.4474353927,0.0017183917240364277
2021-07-27,215106.64948194294,-0.011024132985427815
2021-07-28,213664.45665667742,-0.006704547854465948
2021-07-29,214411.6796611515,0.003497179718921384
2021-07-30,214029.9746024127,-0.0017802437784267822
2021-08-02,213663.00624407234,-0.0017145652566751268
2021-08-03,214699.3610817282,0.004850417748367697
2021-08-04,214350.7052280443,-0.00162392590237459
2021-08-05,215287.37670257746,0.004369808224034655
2021-08-06,214817.86408835984,-0.0021808645792840142
2021-08-09,214515.9102126653,-0.00140562739963912
2021-08-10,213828.0868236554,-0.0032063980164828143
2021-08-11,214354.92737658203,0.0024638510345047493
2021-08-12,215072.43047608156,0.0033472666492009306
2021-08-13,215844.87271405454,0.003591544654343304
2021-08-16,217807.25193157277,0.009091618405584923
2021-08-17,216509.2407975711,-0.005959448652377519
2021-08-18,212810.0142324861,-0.017085767570279575
2021-08-19,214354.80047229526,0.007258992230137817
2021-08-20,217348.74491229534,0.013967237651796971
2021-08-23,218940.82144908083,0.007324986106673537
2021-08-24,218540.54831009102,-0.001828225254388638
2021-08-25,217575.72274677735,-0.004414858344478301
2021-08-26,216097.96348904006,-0.006791930823353609
2021-08-27,217429.3966262682,0.006161247962411576
2021-08-30,221776.39099243993,0.019992670879014796
2021-08-31,220403.6456663683,-0.006189772139084115
2021-09-01,220923.86854325986,0.0023603188382783635
2021-09-02,221769.25532653005,0.0038265977725473466
2021-09-03,222231.250881397,0.002083226343465361
2021-09-07,223636.8859749263,0.006325100938568973
2021-09-08,222411.09415645315,-0.0054811701259808165
2021-09-09,220845.56427906986,-0.0070389019186337665
2021-09-10,216393.26582790387,-0.020160234894008866
2021-09-13,217302.26324243742,0.004200673302174218
2021-09-14,215990.58613893183,-0.006036187032447904
2021-09-15,216703.88787219193,0.0033024667695529253
2021-09-16,216245.13409523835,-0.0021169614512137613
2021-09-17,216245.12964370428,-2.0585591897770428e-08
2021-09-20,215819.0027776995,-0.0019705732411494647
2021-09-21,215921.0727978926,0.0004729426921605828
2021-09-22,216300.82207217248,0.0017587411425810107
2021-09-23,216300.81554292596,-3.018595329251639e-08
2021-09-24,216300.81554547884,1.1802336885580189e-11
2021-09-27,216300.81554547945,2.886579864025407e-15
2021-09-28,216300.81554547945,0.0
2021-09-29,216300.81554547945,0.0
2021-09-30,216300.81554547945,0.0
2021-10-01,216300.81554547945,0.0
2021-10-04,216300.81554547945,0.0
2021-10-05,216300.81554547945,0.0
2021-10-06,216300.81554547945,0.0
2021-10-07,216300.81554547945,0.0
2021-10-08,216300.81554547945,0.0
2021-10-11,216300.81554547945,0.0
2021-10-12,216300.81554547945,0.0
2021-10-13,216576.26631279587,0.0012734615291292162
2021-10-14,217895.38339297412,0.006090773945992334
2021-10-15,218297.81147351023,0.0018468866768521774
2021-10-18,219069.04517018443,0.0035329428704227173
2021-10-19,220908.6790448124,0.008397507156699513
2021-10-20,221297.82500526356,0.001761569360397175
2021-10-21,222270.03499359684,0.004393219808238813
2021-10-22,221302.49284334303,-0.004353003095004193
2021-10-25,221306.49935492323,1.8104231582327657e-05
2021-10-26,222262.53957591284,0.004319982575190284
2021-10-27,224371.31671195902,0.009487775763157513
2021-10-28,227856.49684925273,0.015533091254118947
2021-10-29,227364.52003480052,-0.002159152015655308
2021-11-01,226358.5140100125,-0.004424639449611689
2021-11-02,228114.44029934064,0.007757279627884861
2021-11-03,229688.45493613923,0.006900109588560577
2021-11-04,230016.59456935496,0.001428629198219733
2021-11-05,230513.08544731847,0.0021585002547015453
2021-11-08,230113.0831467787,-0.0017352693872608738
2021-11-09,230017.92074176844,-0.0004135462604251128
2021-11-10,226407.95357795176,-0.015694286567651594
2021-11-11,226717.94068255622,0.0013691528928454488
2021-11-12,229551.72917232662,0.012499180617286054
2021-11-15,229696.76656374725,0.0006318287905893172
2021-11-16,230591.3718228986,0.0038947229102725966
2021-11-17,230519.77815120743,-0.00031047853666510417
2021-11-18,234155.11955405195,0.015770193048077363
2021-11-19,236400.82780259982,0.00959068609229985
2021-11-22,235936.7437124722,-0.001963123794621935
2021-11-23,235837.77933695374,-0.0004194530023652332
2021-11-24,236405.42036261724,0.002406913036831382
2021-11-26,229883.1265619281,-0.027589442706875023
2021-11-29,234409.2584035865,0.01968883888674222
2021-11-30,236585.40664000344,0.00928354217421834
2021-12-01,237114.5221335843,0.002236467164629552
2021-12-02,236374.03110562972,-0.0031229256702269836
2021-12-03,234967.0346287756,-0.0059524156282013685
2021-12-06,237517.26243419334,0.010853555731538345
2021-12-07,241799.52307083266,0.01802926066405708
2021-12-08,244651.62372517787,0.011795311331154856
2021-12-09,244270.54661390826,-0.0015576316456320516
2021-12-10,247848.1881997099,0.014646225815576619
2021-12-13,244757.8070729805,-0.012468846954972412
2021-12-14,242375.84159240278,-0.009731928509506105
2021-12-15,248050.76658966084,0.023413740247270276
2021-12-16,240474.1170410501,-0.030544753611442932
2021-12-17,238918.81355357467,-0.006467654426234759
2021-12-20,236614.3103339969,-0.009645549403588638
2021-12-21,239818.1727778436,0.013540442415863385
2021-12-22,242225.43581180405,0.010037867464657957
2021-12-23,242992.28438807037,0.003165846615968526
2021-12-27,246637.25170925158,0.015000341802458239
2021-12-28,245832.96127868257,-0.003261025757443692
2021-12-29,246072.0207552937,0.0009724468003300402
2021-12-30,244565.74105009536,-0.006121296117189479
2021-12-31,243401.08989869466,-0.004762118955827677
2022-01-03,246626.92454322462,0.013253164338222989
2022-01-04,243816.17930398745,-0.011396749338876688
2022-01-05,236942.28353420965,-0.028192943509329216
2022-01-06,234125.60044678496,-0.011887633753719706
2022-01-07,234060.77152594674,-0.0002768980441032465
2022-01-10,234016.0883550928,-0.00019090414238420728
2022-01-11,234047.80552353352,0.00013553413640776668
2022-01-12,234047.70686641324,-4.215255087203218e-07
2022-01-13,234047.7068630184,-1.4504952794425208e-11
2022-01-14,234047.70686301932,3.9968028886505635e-15
2022-01-18,234047.70686301932,0.0
2022-01-19,234047.70686301932,0.0
2022-01-20,234047.70686301932,0.0
2022-01-21,234047.70686301932,0.0
2022-01-24,234047.70686301932,0.0
2022-01-25,234047.70686301932,0.0
2022-01-26,234047.70686301932,0.0
2022-01-27,234047.70686301932,0.0
2022-01-28,234047.70686301932,0.0
2022-01-31,234047.70686301932,0.0
2022-02-01,234047.70686301932,0.0
2022-02-02,234047.70686301932,0.0
2022-02-03,231265.62511025893,-0.011886814829545234
2022-02-04,231969.32973479363,0.003042841426170506
2022-02-07,230466.6949193427,-0.006477730556745831
2022-02-08,233460.38171088824,0.012989672076450187
2022-02-09,236041.91279376746,0.01105768380896488
2022-02-10,230453.97318212324,-0.023673505885060675
2022-02-11,225572.22615070097,-0.021183175816041677
2022-02-14,225336.47762652882,-0.0010451132579355482
2022-02-15,228908.26331868596,0.015850898752739928
2022-02-16,228785.17086840386,-0.000537737032720087
2022-02-17,225765.50681997137,-0.013198687821289745
2022-02-18,224622.82674152916,-0.005061358107965486
2022-02-22,222472.47068660616,-0.009573185798242068
2022-02-23,223333.4206043196,0.003869916646568994
2022-02-24,223333.95984114683,2.414492312752259e-06
2022-02-25,223333.95983296438,-3.6637803901840016e-11
2022-02-28,223333.95983296563,5.551115123125783e-15
2022-03-01,223333.95983296563,0.0
2022-03-02,223333.95983296563,0.0
2022-03-03,223333.95983296563,0.0
2022-03-04,222458.52606235322,-0.003919841708207583
2022-03-07,222188.55400679205,-0.0012135837647575531
2022-03-08,222188.5746082001,9.272038403729255e-08
2022-03-09,222188.57459328877,-6.711120548175131e-11
2022-03-10,222188.5745932898,4.6629367034256575e-15
2022-03-11,222188.5745932898,0.0
2022-03-14,222188.5745932898,0.0
2022-03-15,222188.5745932898,0.0
2022-03-16,222188.5745932898,0.0
2022-03-17,222188.5745932898,0.0
2022-03-18,222188.5745932898,0.0
2022-03-21,222224.03537912393,0.0001595977016326522
2022-03-22,223688.1747748948,0.006588573523439889
2022-03-23,223784.44264471935,0.00043036637909632525
2022-03-24,228094.2504995054,0.019258746514512204
2022-03-25,228707.85310600407,0.0026901274589559154
2022-03-28,230992.41068079276,0.009988977395235299
2022-03-29,234859.9919147162,0.016743325992939262
2022-03-30,233424.00798228144,-0.006114212645277561
2022-03-31,229390.47381567088,-0.017279859948753584
2022-04-01,229519.07027912125,0.0005606007141940594
2022-04-04,233911.33257635403,0.019136807638211906
2022-04-05,230133.05210964766,-0.016152618281002118
2022-04-06,225225.3045008501,-0.021325696434336017
2022-04-07,226031.61530404253,0.003580018706065946
2022-04-08,223616.8051075348,-0.010683506346045757
2022-04-11,217528.25859676077,-0.027227589213816517
2022-04-12,219942.31384590027,0.011097662734543823
2022-04-13,219727.1332658077,-0.0009783500788453914
2022-04-14,219727.1151021128,-8.266477902196812e-08
2022-04-18,219727.11511164543,4.338396308867232e-11
2022-04-19,219727.11511164543,0.0
2022-04-20,219727.11511164543,0.0
2022-04-21,219727.11511164543,0.0
2022-04-22,219727.11511164543,0.0
2022-04-25,219727.11511164543,0.0
2022-04-26,219727.11511164543,0.0
2022-04-27,219727.11511164543,0.0
2022-04-28,219727.11511164543,0.0
2022-04-29,219727.11511164543,0.0
2022-05-02,219727.11511164543,0.0
2022-05-03,219727.11511164543,0.0
2022-05-04,219727.11511164543,0.0
2022-05-05,219727.11511164543,0.0
2022-05-06,219727.11511164543,0.0
2022-05-09,219727.11511164543,0.0
2022-05-10,219727.11511164543,0.0
2022-05-11,219727.11511164543,0.0
2022-05-12,219727.11511164543,0.0
2022-05-13,219727.11511164543,0.0
2022-05-16,219727.11511164543,0.0
2022-05-17,219727.11511164543,0.0
2022-05-18,219727.11511164543,0.0
2022-05-19,219727.11511164543,0.0
2022-05-20,219727.11511164543,0.0
2022-05-23,219727.11511164543,0.0
2022-05-24,219727.11511164543,0.0
2022-05-25,219727.11511164543,0.0
2022-05-26,219727.11511164543,0.0
2022-05-27,219727.11511164543,0.0
2022-05-31,219727.11511164543,0.0
2022-06-01,218537.876258707,-0.005412344545342895
2022-06-02,219831.83774629072,0.005920994153214565
2022-06-03,216912.8670130485,-0.013278198295421761
2022-06-06,217416.81577459903,0.0023232773993080436
2022-06-07,220683.10305081686,0.01502315846444957
2022-06-08,219159.64212254304,-0.0069033872879837865
2022-06-09,212646.01085363183,-0.029720943171047454
2022-06-10,204550.0884105562,-0.0380722987023171
2022-06-13,197308.6405476328,-0.03540183198742486
2022-06-14,197811.95651570056,0.0025509068770166454
2022-06-15,197811.84037752886,-5.871140134061648e-07
2022-06-16,197811.84039844526,1.0573897313292946e-10
2022-06-17,197811.84039844523,-1.1102230246251565e-16
2022-06-21,197811.84039844523,0.0
2022-06-22,197811.84039844523,0.0
2022-06-23,197811.84039844523,0.0
2022-06-24,197811.84039844523,0.0
2022-06-27,197811.84039844523,0.0
2022-06-28,197811.84039844523,0.0
2022-06-29,197811.84039844523,0.0
2022-06-30,197761.22936978634,-0.0002558543945445635
2022-07-01,198276.4054016187,0.0026050406011031146
2022-07-05,201829.7576779916,0.017921205849861233
2022-07-06,203523.70395836458,0.008392946113900512
2022-07-07,206616.89182577975,0.015198170076778705
2022-07-08,207159.830400608,0.002627755020562672
2022-07-11,204391.86920749897,-0.013361476439502473
2022-07-12,202765.52383464092,-0.007956996426345064
2022-07-13,202082.08419776082,-0.003370590936541351
2022-07-14,204567.00555308646,0.012296594055779098
2022-07-15,207173.51648448856,0.012741599870198517
2022-07-18,204964.41355011993,-0.010663056610008437
2022-07-19,208474.03374067746,0.017123070926160278
2022-07-20,210305.56260902926,0.008785405239628341
2022-07-21,212539.21276308966,0.010620975148493361
2022-07-22,211160.19305187193,-0.006488307231827695
2022-07-25,210321.42466133507,-0.003972189920904312
2022-07-26,207267.92533396484,-0.014518251444364472
2022-07-27,215559.31406256932,0.04000324080653006
2022-07-28,217967.45353016834,0.011171586243311271
2022-07-29,223442.49520851643,0.025118620186982632
2022-08-01,222018.70121649047,-0.00637208240400855
2022-08-02,219959.83869519155,-0.009273374314947125
2022-08-03,226858.4290622279,0.031362954291833445
2022-08-04,226798.10347695937,-0.0002659173190870945
2022-08-05,226404.7786247131,-0.0017342510639037911
2022-08-08,225493.11246566585,-0.004026708996979322
2022-08-09,225729.28281373903,0.0010473506063699567
2022-08-10,231314.41058092052,0.024742592974922317
2022-08-11,230327.04261105592,-0.004268510411370108
2022-08-12,234825.35099248606,0.019530092213384753
2022-08-15,236156.99753096025,0.005670795477771051
2022-08-16,235979.58230361575,-0.0007512596670832261
2022-08-17,236701.34389773195,0.003058576454244122
2022-08-18,236303.92918723443,-0.001678971077871072
2022-08-19,232878.95853452137,-0.014493921723998549
2022-08-22,227273.70445483582,-0.024069388299220895
2022-08-23,226655.86945857952,-0.002718462295223767
2022-08-24,226908.74313471987,0.001115672304204729
2022-08-25,229766.71460974775,0.012595246157311113
2022-08-26,224726.3615535506,-0.021936828686252685
2022-08-29,222764.1945245838,-0.008731361178110908
2022-08-30,222764.1334412294,-2.7420633974539754e-07
2022-08-31,222764.1334300569,-5.0153881048231597e-11
2022-09-01,222764.13343005738,1.9984014443252818e-15
2022-09-02,222764.13343005738,0.0
2022-09-06,222764.13343005738,0.0
2022-09-07,222764.13343005738,0.0
2022-09-08,222764.13343005738,0.0
2022-09-09,222764.13343005738,0.0
2022-09-12,222764.13343005738,0.0
2022-09-13,222764.13343005738,0.0
2022-09-14,222764.13343005738,0.0
2022-09-15,222764.13343005738,0.0
2022-09-16,222764.13343005738,0.0
2022-09-19,222764.13343005738,0.0
2022-09-20,222764.13343005738,0.0
2022-09-21,222764.13343005738,0.0
2022-09-22,222764.13343005738,0.0
2022-09-23,222764.13343005738,0.0
2022-09-26,222764.13343005738,0.0
2022-09-27,222764.13343005738,0.0
2022-09-28,222764.13343005738,0.0
2022-09-29,222764.13343005738,0.0
2022-09-30,222764.13343005738,0.0
2022-10-03,222764.13343005738,0.0
2022-10-04,222764.13343005738,0.0
2022-10-05,222764.13343005738,0.0
2022-10-06,222764.13343005738,0.0
2022-10-07,222764.13343005738,0.0
2022-10-10,221906.03079933673,-0.0038520681830950254
2022-10-11,221531.80472169176,-0.0016864168869000773
2022-10-12,221531.80394196612,-3.5197006420517596e-09
2022-10-13,221531.8039550433,5.903055821931957e-11
2022-10-14,221531.80395504297,-1.4432899320127035e-15
2022-10-17,221531.80395504297,0.0
2022-10-18,221531.80395504297,0.0
2022-10-19,221531.80395504297,0.0
2022-10-20,221531.80395504297,0.0
2022-10-21,222642.714625292,0.005014678030042408
2022-10-24,225836.1706887696,0.014343411455668864
2022-10-25,229760.4360801571,0.017376602602758418
2022-10-26,222815.94047855306,-0.030224940899665098
2022-10-27,217716.6277715624,-0.022885762553785938
2022-10-28,230093.95824096905,0.056850643867189854
2022-10-31,226913.6710525622,-0.013821689246947821
2022-11-01,224908.5067284111,-0.008836683637657994
2022-11-02,218914.13494482366,-0.0266524902538523
2022-11-03,213173.14998695857,-0.02622482536046422
2022-11-04,213594.21751028075,0.0019752371410186598
2022-11-07,214495.7383519724,0.004220717452934952
2022-11-08,216000.42393812694,0.007014990590094916
2022-11-09,215039.8077013141,-0.004447288664063076
2022-11-10,217549.8472952717,0.011672441585531823
2022-11-11,218016.6607776759,0.0021457771090531708
2022-11-14,217504.51619144066,-0.0023491075609010093
2022-11-15,218001.34060803606,0.002284202761831944
2022-11-16,217418.39606136276,-0.002674041109322456
2022-11-17,218820.01094702998,0.006446625083517121
2022-11-18,219406.90779022206,0.00268209859167845
2022-11-21,216748.62586602726,-0.012115762219922499
2022-11-22,219755.23124430102,0.013871393030801205
2022-11-23,221298.44017321462,0.007022399058150386
2022-11-25,218877.26505592492,-0.010940769014885943
2022-11-28,213790.1041204558,-0.023242071003442555
2022-11-29,210953.85091346237,-0.013266531763300837
2022-11-30,221014.64432605694,0.04769191635530601
2022-12-01,221112.6151038413,0.0004432773135152335
2022-12-02,220719.4575253139,-0.0017780875068695856
2022-12-05,218792.6910895599,-0.008729481566132513
2022-12-06,217060.73339460389,-0.007915976015154258
2022-12-07,216827.02696342109,-0.001076686821830375
2022-12-08,217816.71601389901,0.004564417380702679
2022-12-09,217247.57116829656,-0.002612953018565123
2022-12-12,218683.22987937904,0.006608399363739359
2022-12-13,219576.1238579644,0.004083047333249379
2022-12-14,219636.84394274344,0.00027653318453824127
2022-12-15,217974.34860457457,-0.0075692916922547315
2022-12-16,217099.56772216558,-0.004013228565696636
2022-12-19,216240.84164183371,-0.0039554481353496485
2022-12-20,216514.59660032878,0.0012659724981485265
2022-12-21,216482.3162379005,-0.00014909092936521429
2022-12-22,216482.3795749089,2.9257358979961623e-07
2022-12-23,216482.3795790302,1.9037660337062334e-11
2022-12-27,216482.3795790302,0.0
2022-12-28,216482.3795790302,0.0
2022-12-29,216482.3795790302,0.0
2022-12-30,216482.3795790302,0.0
2023-01-03,216482.3795790302,0.0
2023-01-04,216482.3795790302,0.0
2023-01-05,216482.3795790302,0.0
2023-01-06,216482.3795790302,0.0
2023-01-09,216482.3795790302,0.0
2023-01-10,216482.3795790302,0.0
2023-01-11,216877.10710174748,0.0018233702137091523
2023-01-12,217054.18879191278,0.0008165070649075457
2023-01-13,219686.99067667857,0.012129698576284209
2023-01-17,220663.88976882602,0.004446777158439774
2023-01-18,218057.96357828425,-0.011809481801810962
2023-01-19,216975.72181558545,-0.004963092128989266
2023-01-20,221893.9955052451,0.022667391763949718
2023-01-23,225881.1427760991,0.01796870285640395
2023-01-24,227002.0901044283,0.004962553821681093
2023-01-25,226126.1515749122,-0.003858724512682432
2023-01-26,230061.90631061944,0.017405128545706416
2023-01-27,231991.0893677318,0.008385495400127896
2023-01-30,227613.3427626618,-0.01887032220505147
2023-01-31,230535.23883866158,0.012837103662444393
2023-02-01,233095.17846880853,0.011104331134115686
2023-02-02,241101.49380707304,0.0343478376123334
2023-02-03,242616.6268779277,0.0062842127061519815
2023-02-06,239484.84272097345,-0.012908365750752937
2023-02-07,244967.62509414394,0.02289406841316688
2023-02-08,241773.8434914121,-0.013037566092680364
2023-02-09,239757.94201821575,-0.008337963462403897
2023-02-10,240105.48040241638,0.001449538569088249
2023-02-13,244928.79697296978,0.02008832352543366
2023-02-14,244487.91348547206,-0.0018000475768734647
2023-02-15,246141.18531155647,0.006762182238438719
2023-02-16,242517.30235058675,-0.014722781790388884
2023-02-17,240511.32511956175,-0.008271480886444693
2023-02-21,234729.33163441363,-0.02404042089192182
2023-02-22,234816.3619292779,0.0003707687243783564
2023-02-23,236282.12199476885,0.006242154735079497
2023-02-24,232861.87542109488,-0.014475266028589728
2023-02-27,233739.42689813123,0.00376854938340343
2023-02-28,233739.50320372952,3.264558285920316e-07
2023-03-01,233739.50320871666,2.133626608724626e-11
2023-03-02,233739.50320871748,3.552713678800501e-15
2023-03-03,233739.50320871748,0.0
2023-03-06,233739.50320871748,0.0
2023-03-07,233739.50320871748,0.0
2023-03-08,233739.50320871748,0.0
2023-03-09,231127.63630408532,-0.011174263951009955
2023-03-10,229309.00758245957,-0.007868503960439588
2023-03-13,231022.54515466891,0.007472613441027454
2023-03-14,232868.5044937661,0.00799038612383618
2023-03-15,233217.21512931996,0.0014974572723431834
2023-03-16,237798.37639730974,0.019643323780577315
2023-03-17,237675.9470373451,-0.0005148452307348617
2023-03-20,238387.8564725489,0.002995294408533411
2023-03-21,240320.0562082986,0.008105277526886834
2023-03-22,238772.72865462716,-0.006438611816611317
2023-03-23,240756.83494455565,0.008309601775328357
2023-03-24,242463.7638470746,0.007089846080224671
2023-03-27,239735.7123867414,-0.0112513780081952
2023-03-28,238857.48749243066,-0.0036633044178832064
2023-03-29,243294.3547064513,0.018575374214137685
2023-03-30,245646.25903014583,0.009666908739137225
2023-03-31,249375.75111860514,0.015182368757350462
2023-04-03,250468.5937477532,0.004382313132876847
2023-04-04,249707.26132141246,-0.00303963229460813
2023-04-05,247402.7706733864,-0.009228769062745834
2023-04-06,249773.12160446102,0.009580939310513514
2023-04-10,247113.45090337412,-0.010648346323263502
2023-04-11,244802.019275774,-0.009353726473205759
2023-04-12,244111.4418688855,-0.0028209628700428535
2023-04-13,250748.83654721675,0.027190018737000665
2023-04-14,249612.29722331537,-0.004532580647437445
2023-04-17,250321.30736456666,0.002840445559527005
2023-04-18,251352.0408090353,0.00411764166351003
2023-04-19,252367.32522707802,0.004039292518870363
2023-04-20,250787.2601764874,-0.0062609731634983845
2023-04-21,249341.6507280451,-0.0057642858230717575
2023-04-24,248902.57725332546,-0.0017609311297875907
2023-04-25,245516.45888089086,-0.013604191687369815
2023-04-26,249354.12016380826,0.01563097358283083
2023-04-27,253718.82456563422,0.0175040396323054
2023-04-28,255418.35479715507,0.006698479052275497
2023-05-01,255024.62075375934,-0.001541526033665086
2023-05-02,254082.0250560415,-0.00369609685108796
2023-05-03,252525.0380392567,-0.006127891244732342
2023-05-04,250915.96312694906,-0.0063719420648399305
2023-05-05,259582.24950650864,0.03453860117769758
2023-05-08,259179.64768390014,-0.0015509605274393046
2023-05-09,257368.39703791717,-0.006988398441655441
2023-05-10,259910.37812003246,0.009876819032061723
2023-05-11,259670.3692250874,-0.0009234294401058163
2023-05-12,258404.7187429212,-0.0048740658625903155
2023-05-15,258232.9909334149,-0.0006645691701827605
2023-05-16,258320.83679469538,0.0003401806289853315
2023-05-17,260020.44289521404,0.0065794386608830635
2023-05-18,263412.89360162977,0.013046861503050566
2023-05-19,263400.19589567056,-4.820457262200151e-05
2023-05-22,263115.07793043816,-0.0010824516066242351
2023-05-23,259133.88851681448,-0.015130981640954166
2023-05-24,258744.2291014067,-0.0015036991789767473
2023-05-25,262439.96914627834,0.014283371875409845
2023-05-26,266525.6735501903,0.015568148469163434
2023-05-30,267862.5113180805,0.005015793600980922
2023-05-31,267005.538775627,-0.0031993000373085057
2023-06-01,270750.73598614475,0.014026664868795002
2023-06-02,272773.6462507392,0.0074714857458337836
2023-06-05,271580.0405348892,-0.004375810245073386
2023-06-06,270948.3958522706,-0.002325814081824862
2023-06-07,267630.51194655953,-0.012245445835819102
2023-06-08,270692.80956182524,0.011442258930017601
2023-06-09,271414.7036192709,0.0026668386892660934
2023-06-12,275304.04469943285,0.014329883489355044
2023-06-13,275692.2787182064,0.0014102009260248405
2023-06-14,276883.09331089637,0.0043193614207350794
2023-06-15,281354.56705299177,0.016149320237023757
2023-06-16,279141.053875339,-0.007867344045052849
2023-06-20,278139.2983249965,-0.0035887073450323603
2023-06-21,276108.7296827413,-0.007300545641999001
2023-06-22,280101.0950373139,0.014459395612590686
2023-06-23,278540.33375654573,-0.005572135591116578
2023-06-26,275894.19931856333,-0.009500004549772734
2023-06-27,280022.29562181357,0.014962606366666353
2023-06-28,281324.9048378909,0.004651805361372219
2023-06-29,281682.2555418622,0.0012702419793841901
2023-06-30,286626.09401573066,0.017551117887628864
2023-07-03,285137.51381733804,-0.005193456665222307
2023-07-05,284102.6725744102,-0.003629270765090453
2023-07-06,284674.73471580114,0.0020135753606509432
2023-07-07,282800.17613639537,-0.006584913765800837
2023-07-10,280128.4460630043,-0.00944741304581953
2023-07-11,280130.9246091588,8.847891705965338e-06
2023-07-12,282797.86713266734,0.009520343129661324
2023-07-13,283903.74797294236,0.003910499225074471
2023-07-14,283999.07417246455,0.00033576942961421885
2023-07-17,287061.8005152201,0.010784282842047688
2023-07-18,289740.4792051937,0.009331365877194076
2023-07-19,290260.96910098067,0.0017964003414876473
2023-07-20,286684.20801778015,-0.012322569907620484
2023-07-21,285086.1254267535,-0.005574365613217003
2023-07-24,286283.3729773823,0.004199599502910489
2023-07-25,288258.5847674247,0.0068994988060253615
2023-07-26,286638.9385758968,-0.00561872664723817
2023-07-27,283873.9377991488,-0.009646284592335186
2023-07-28,287216.16825284215,0.01177364318685048
2023-07-31,287863.58701771044,0.0022541167121843397
2023-08-01,286964.63557268784,-0.00312283833580973
2023-08-02,283550.36218023027,-0.011897889040033749
2023-08-03,282162.07326593867,-0.004896092897279325
2023-08-04,273915.3801780464,-0.029226795055902977
2023-08-07,274484.8669342741,0.002079060897776097
2023-08-08,274150.8018437764,-0.001217061961298005
2023-08-09,274150.7972900423,-1.661032589250766e-08
2023-08-10,274150.7972869354,-1.133282356846621e-11
2023-08-11,274150.7972869356,8.881784197001252e-16
2023-08-14,274150.7972869356,0.0
2023-08-15,274150.7972869356,0.0
2023-08-16,274150.7972869356,0.0
2023-08-17,274150.7972869356,0.0
2023-08-18,274150.7972869356,0.0
2023-08-21,274150.7972869356,0.0
2023-08-22,274150.7972869356,0.0
2023-08-23,274150.7972869356,0.0
2023-08-24,274150.7972869356,0.0
2023-08-25,274150.7972869356,0.0
2023-08-28,274150.7972869356,0.0
2023-08-29,274150.7972869356,0.0
2023-08-30,276451.5619617953,0.008392332605371422
2023-08-31,276283.8131460585,-0.0006067927941748597
2023-09-01,277914.9818411776,0.005903960411378639
2023-09-05,278783.47707839054,0.003125039288847109
2023-09-06,272465.2137880602,-0.02266369354649289
2023-09-07,267163.9020702722,-0.019456838706432666
2023-09-08,268579.1322945274,0.005297235941264855
2023-09-11,270622.55046425306,0.007608253672831244
2023-09-12,266564.82917306205,-0.014994025014655965
2023-09-13,267567.5293437833,0.003761562145432995
2023-09-14,268522.1259023276,0.0035676846173580135
2023-09-15,266301.9159642925,-0.008268256966067256
2023-09-18,266120.5427258371,-0.0006810812374317132
2023-09-19,265932.4693327363,-0.0007067225670532862
2023-09-20,263986.0992781449,-0.007319038775051134
2023-09-21,263326.60817393626,-0.00249820390547828
2023-09-22,263326.5600559459,-1.8273121238365775e-07
2023-09-25,263326.5600580216,7.882805519443536e-12
2023-09-26,263326.56005802244,3.1086244689504383e-15
2023-09-27,263326.56005802244,0.0
2023-09-28,263326.56005802244,0.0
2023-09-29,263326.56005802244,0.0
2023-10-02,263326.56005802244,0.0
2023-10-03,263326.56005802244,0.0
2023-10-04,263326.56005802244,0.0
2023-10-05,263326.56005802244,0.0
2023-10-06,263326.56005802244,0.0
2023-10-09,263326.56005802244,0.0
2023-10-10,263543.93252326053,0.0008254862904455429
2023-10-11,264944.5380535765,0.005314504936258846
2023-10-12,265494.92870075075,0.0020773806141380913
2023-10-13,262840.64532197587,-0.009997491823155014
2023-10-16,264158.3402166773,0.005013284353670766
2023-10-17,262717.9024945518,-0.005452932967946356
2023-10-18,260546.50415470655,-0.008265132749719184
2023-10-19,259977.31146534742,-0.002184610732758663
2023-10-20,256318.88262425768,-0.014072108140780526
2023-10-23,256801.50417072696,0.0018828950154903268
2023-10-24,257287.02391786844,0.0018906421467792534
2023-10-25,259083.8438704707,0.0069837177376494974
2023-10-26,256819.4494943446,-0.008740006101106812
2023-10-27,257159.46637606822,0.001323953004311429
2023-10-30,258488.59075696784,0.0051684831969434075
2023-10-31,258630.24955250983,0.0005480272654478924
2023-11-01,260040.57733388428,0.005453065849082339
2023-11-02,260438.90326528833,0.0015317837527049072
2023-11-03,261232.69333424707,0.0030478936096201004
2023-11-06,261893.76771344303,0.0025305958865957656
2023-11-07,264878.1466232853,0.011395379645336545
2023-11-08,266264.0377908975,0.005232183875037544
2023-11-09,265023.14625707845,-0.00466037976481648
2023-11-10,270890.20369571785,0.022137905769740618
2023-11-13,268997.28725499986,-0.006987762624462546
2023-11-14,272814.62668666494,0.014190996015682522
2023-11-15,273422.069263945,0.002226576282428283
2023-11-16,276038.41589584615,0.009568893392345457
2023-11-17,274965.87520943745,-0.0038854761679743
2023-11-20,278172.0533712441,0.011660276604740671
2023-11-21,276612.3117223671,-0.0056071112463457196
2023-11-22,278219.42061616655,0.00580996877468154
2023-11-24,277077.2628065711,-0.004105241133296689
2023-11-27,277041.1574918716,-0.00013030775002520478
2023-11-28,278322.1710385177,0.0046239106067973434
2023-11-29,276755.5663978672,-0.0056287454025130135
2023-11-30,277454.1308620525,0.0025241207368562613
2023-12-01,278052.44627841923,0.002156448038844294
2023-12-04,275328.2419137938,-0.009797447931451209
2023-12-05,279193.7592168738,0.014039668710376318
2023-12-06,277411.8568043099,-0.006382314624660879
2023-12-07,279805.62029337895,0.008628915564909079
2023-12-08,280899.8588450814,0.003910709693948133
2023-12-11,279033.68714508903,-0.0066435480162401195
2023-12-12,280541.5496810153,0.005403872741509552
2023-12-13,283970.2099098129,0.01222157727686346
2023-12-14,284272.9460635058,0.0010660841987228942
2023-12-15,283736.67212068156,-0.0018864754815761664
2023-12-18,282671.54477628996,-0.003753929079490237
2023-12-19,283875.76121497364,0.0042601261461838735
2023-12-20,281358.2646427683,-0.008868304082851552
2023-12-21,281765.06750903366,0.001445853622895621
2023-12-22,280989.068865915,-0.0027540626308965033
2023-12-26,280776.5624239801,-0.0007562801029683541
2023-12-27,281015.472053829,0.0008508887913805108
2023-12-28,282029.06853989145,0.0036069063338559637
2023-12-29,281997.9862985816,-0.00011020935349248528
2024-01-02,280774.5446223005,-0.004338476640700972
2024-01-03,280267.8175900423,-0.0018047470540458743
2024-01-04,279621.52266484214,-0.002305990501362265
2024-01-05,279865.5301731775,0.0008726349317103033
2024-01-08,280660.9731941843,0.002842232912765752
2024-01-09,280324.5036412927,-0.0011988469542533187
2024-01-10,280324.49916948605,-1.59522502984899e-08
2024-01-11,279925.14107817644,-0.0014246278598295525
2024-01-12,280607.2309563949,0.002436686735572513
2024-01-16,280702.8477481668,0.0003407495645997294
2024-01-17,280258.2383205158,-0.0015839149164953437
2024-01-18,281489.2684199634,0.004392484969665045
2024-01-19,282992.1553630941,0.005339055913451407
2024-01-22,282750.20337032864,-0.00085497773765153
2024-01-23,283316.57067852246,0.002003065962262296
2024-01-24,283209.10819559655,-0.00037930179187384283
2024-01-25,283637.06345532986,0.0015110928545338798
2024-01-26,281979.6777176236,-0.005843332734853601
2024-01-29,282840.35637134215,0.0030522719250016817
2024-01-30,279595.1417458775,-0.011473661916915345
2024-01-31,273838.9668777011,-0.02058753536357283
2024-02-01,277630.19696544297,0.013844742882904049
2024-02-02,278658.8591048711,0.003705152215687013
2024-02-05,279356.8959579917,0.0025049871206783703
2024-02-06,279498.2421603784,0.0005059699775871174
2024-02-07,281416.9011254339,0.0068646548551623
2024-02-08,281452.9567691653,0.00012812181353427654
2024-02-09,282870.3870131497,0.005036117794800399
2024-02-12,281958.47389412625,-0.0032237843227507224
2024-02-13,279649.31628398906,-0.008189708144768382
2024-02-14,280835.3611371951,0.004241186314940082
2024-02-15,280748.11526905623,-0.0003106655365107125
2024-02-16,280034.4657654361,-0.002541956525464739
2024-02-20,279497.72290548036,-0.0019167028547313336
2024-02-21,279097.46297438326,-0.0014320686656630333
2024-02-22,280307.613930631,0.004335943950729559
2024-02-23,280348.83703959093,0.0001470638217131448
2024-02-26,280130.05580738286,-0.0007803892982697347
2024-02-27,280240.5815527637,0.00039455154164835804
2024-02-28,280073.3547148488,-0.000596725988036173
2024-02-29,281261.22728007514,0.004241290880511395
2024-03-01,282128.3383208891,0.0030829384099591017
2024-03-04,281968.13768871274,-0.0005678289289541283
2024-03-05,279347.8188248637,-0.00929296084773179
2024-03-06,279557.871761624,0.0007519404935536489
2024-03-07,281312.6444942195,0.006276956973301662
2024-03-08,280741.58668721875,-0.002029975609619261
2024-03-11,280689.76830177894,-0.00018457680620553862
2024-03-12,281336.6724970774,0.002304694607189628
2024-03-13,281241.6800996956,-0.00033764669404334757
2024-03-14,281903.088868698,0.0023517451921348798
2024-03-15,280082.46046644344,-0.006458348539424952
2024-03-18,280583.78072674526,0.0017899023718477292
2024-03-19,281572.75897729053,0.0035247163894638334
2024-03-20,282745.0712991797,0.004163443673127931
2024-03-21,283609.0070765679,0.0030555290439495675
2024-03-22,283391.67111334804,-0.0007663224996278251
2024-03-25,282283.3951546814,-0.003910756989831787
2024-03-26,281976.911775323,-0.0010857293932945433
2024-03-27,282455.993025405,0.0016990087843211654
2024-03-28,282331.12582523265,-0.0004420766535517817
2024-04-01,282838.28810962365,0.0017963385471886362
2024-04-02,281946.7899209565,-0.003151971377798879
2024-04-03,281856.12236383103,-0.00032157683778155643
2024-04-04,280697.9170035689,-0.004109207742406529
2024-04-05,282549.61554687243,0.00659676624276484
2024-04-08,282446.51439498237,-0.000364895742967164
2024-04-09,282775.9471603727,0.0011663545082012394
2024-04-10,281592.8970480191,-0.004183701351666347
2024-04-11,282338.11148385255,0.0026464248340267726
2024-04-12,281375.5509194711,-0.0034092477254404896
2024-04-15,280057.3068058399,-0.00468499878302675
2024-04-16,278044.04237957567,-0.007188758790928396
2024-04-17,276810.78210843407,-0.004435485330262834
2024-04-18,275953.468077219,-0.0030971121308390748
2024-04-19,274069.3604758185,-0.006827627913243872
2024-04-22,274562.61944595235,0.001799759627553632
2024-04-23,274562.66029427655,1.4877598508711287e-07
2024-04-24,274562.6602971861,1.0597078770047119e-11
2024-04-25,274562.6602971856,-1.887379141862766e-15
2024-04-26,274562.6602971856,0.0
2024-04-29,274562.6602971856,0.0
2024-04-30,271974.5583173111,-0.00942627077211855
2024-05-01,271096.7771129946,-0.0032274386609810746
2024-05-02,274278.05604169983,0.011734845993315757
2024-05-03,283103.37289690436,0.032176532758649845
2024-05-06,281679.2407405719,-0.005030431611463215
2024-05-07,282205.668998705,0.0018688926338661371
2024-05-08,282502.30203113117,0.0010511235776327066
2024-05-09,284680.56186199543,0.007710591436611347
2024-05-10,284062.6849829051,-0.0021704217353267774
2024-05-13,286667.3611208418,0.009169370972091695
2024-05-14,288385.37456834206,0.005993055647433909
2024-05-15,292271.9492248714,0.013477017211246611
2024-05-16,291910.5721732124,-0.0012364411043118695
2024-05-17,291898.47817642905,-4.143048569060781e-05
2024-05-20,293796.8685474671,0.0065035980416816574
2024-05-21,295664.5457172664,0.006357035658797416
2024-05-22,294486.19038671226,-0.003985446843805751
2024-05-23,290032.0123139739,-0.015125252789915944
2024-05-24,293596.8881399618,0.012291318456697509
2024-05-28,293674.6657614405,0.00026491296270703124
2024-05-29,293310.5192636951,-0.0012399656497480427
2024-05-30,291415.3859263862,-0.006461184351881699
2024-05-31,292866.7017332282,0.004980230546950626
2024-06-03,294177.83317212586,0.0044768880556860235
2024-06-04,294931.9331555896,0.0025634153849469765
2024-06-05,297230.8464905439,0.00779472507557033
2024-06-06,296043.8872662972,-0.003993391797188495
2024-06-07,298024.41341730696,0.006689974818592459
2024-06-10,294999.1657673751,-0.010151006138197749
2024-06-11,308259.7113635855,0.04495112913867416
2024-06-12,315157.80933726544,0.022377552821178703
2024-06-13,316365.128211721,0.0038308391500576633
2024-06-14,315066.72246674483,-0.004104136736926556
2024-06-17,320061.29613131273,0.015852431591200755
2024-06-18,317868.96203798265,-0.006849731972686346
2024-06-20,313656.39464675554,-0.013252528224897087
2024-06-21,312347.15891196294,-0.004174108218858663
2024-06-24,312360.931890239,4.409509701974734e-05
2024-06-25,313919.2936592114,0.004988977845411302
2024-06-26,317759.9907492925,0.012234664028807574
2024-06-27,318695.76267844444,0.002944901675460576
2024-06-28,314536.6064170059,-0.01305055400323929
2024-07-01,321451.7814752146,0.02198527903312053
2024-07-02,325292.3351337131,0.011947526440430067
2024-07-03,326910.4792217543,0.004974430422334031
2024-07-05,332450.4879597508,0.016946562102215568
2024-07-08,333579.55916032876,0.0033962085828391775
2024-07-09,333316.5041026812,-0.0007885826646863991
2024-07-10,338696.7564771589,0.01614157207415179
2024-07-11,331678.7992266711,-0.020720473746140167
2024-07-12,334443.89421802503,0.008336664863117349
2024-07-15,337986.0710621007,0.010591243868744549
2024-07-16,338033.2073254521,0.00013946214766580312
2024-07-17,331079.586100664,-0.02057082284845857
2024-07-18,326679.6760802298,-0.013289584151819023
2024-07-19,326360.91585377866,-0.0009757577522908623
2024-07-22,326725.87788143667,0.0011182773730833429
2024-07-23,327519.5162297891,0.002429064858586072
2024-07-24,320522.66585583065,-0.021363155559406266
2024-07-25,320819.8383217816,0.0009271496140763613
2024-07-26,320819.68470788974,-4.788166861890986e-07
2024-07-29,320819.6847140816,1.930011706008372e-11
2024-07-30,320819.68471408053,-3.219646771412954e-15
2024-07-31,320819.68471408053,0.0
2024-08-01,320819.68471408053,0.0
2024-08-02,320819.68471408053,0.0
2024-08-05,320819.68471408053,0.0
2024-08-06,320819.68471408053,0.0
2024-08-07,320819.68471408053,0.0
2024-08-08,320819.68471408053,0.0
2024-08-09,320819.68471408053,0.0
2024-08-12,320819.68471408053,0.0
2024-08-13,320819.68471408053,0.0
2024-08-14,320819.68471408053,0.0
2024-08-15,320819.68471408053,0.0
2024-08-16,322882.0225200113,0.006428339357570145
2024-08-19,323358.10015200183,0.001474463112795421
2024-08-20,324273.88288080425,0.0028321007835336864
2024-08-21,324293.4727576166,6.0411515840685936e-05
2024-08-22,320792.47021902684,-0.010795784783514506
2024-08-23,323608.00122141803,0.008776798908243899
2024-08-26,323186.0927533759,-0.001303764018348419
2024-08-27,324042.1489845197,0.0026488028115649875
2024-08-28,321841.6122836139,-0.006790896517017475
2024-08-29,325020.66909314605,0.00987770595286075
2024-08-30,325646.8672214204,0.0019266409426252906
2024-09-03,317826.71838186344,-0.024014199510906775
2024-09-04,315492.169891391,-0.00734535001449288
2024-09-05,316614.59373929363,0.003557691616527414
2024-09-06,314246.90176808304,-0.007478151727775995
2024-09-09,314691.6880041235,0.0014154037272537945
2024-09-10,314691.8266961202,4.4072341909284773e-07
2024-09-11,314691.82668448647,-3.696865036317831e-11
2024-09-12,314691.82668448647,0.0
2024-09-13,314691.82668448647,0.0
2024-09-16,314794.5625555267,0.0003264650122076773
2024-09-17,315156.0789015576,0.0011484199189977229
2024-09-18,314288.30237765535,-0.002753481788854595
2024-09-19,316590.4744315285,0.007325032578230584
2024-09-20,315943.05171789444,-0.0020449848176782304
2024-09-23,315824.5978668555,-0.0003749215258727068
2024-09-24,314260.0484102197,-0.0049538556122704636
2024-09-25,313775.7276093834,-0.0015411465863586216
2024-09-26,314827.58234905195,0.003352250180989058
2024-09-27,314435.27321016364,-0.0012461079044000511
2024-09-30,319246.03084413055,0.015299675462146611
2024-10-01,311692.3732889143,-0.023660928642537216
2024-10-02,311619.0933932668,-0.00023510326824593974
2024-10-03,310515.28200232366,-0.003542181510521547
2024-10-04,312255.4204748821,0.005604034884651554
2024-10-07,307561.59522856376,-0.015032005654793568
2024-10-08,311446.1835311371,0.01263027752111423
2024-10-09,314926.6699613009,0.011175241869084696
2024-10-10,314410.4473401443,-0.0016391835636532237
2024-10-11,313594.29730032507,-0.0025958108158419257
2024-10-14,317143.5720611181,0.011318046250675007
2024-10-15,318692.31755993626,0.004883420744594913
2024-10-16,317305.541637899,-0.004351457018653915
2024-10-17,317608.76137897925,0.0009556080852388682
2024-10-18,320154.75524712517,0.008016132354447203
2024-10-21,321239.9685691908,0.0033896523611776086
2024-10-22,320706.72880874353,-0.0016599421386521707
2024-10-23,316002.69839645736,-0.014667701016935819
2024-10-24,315885.9082445743,-0.0003695859322584427
2024-10-25,317068.6151380968,0.0037440951389535737
2024-10-28,318628.3217499111,0.004919145375315681
2024-10-29,319780.36289413343,0.0036156269408045283
2024-10-30,316796.8329076124,-0.00932993495760337
2024-10-31,308109.78474445734,-0.027421512025306294
2024-11-01,306599.26577805285,-0.0049025348794335954
2024-11-04,304721.93368871254,-0.00612308083835833
2024-11-05,304695.3393189247,-8.727422232435167e-05
2024-11-06,304695.3232016659,-5.289630899962816e-08
2024-11-07,304695.3231998347,-6.00997029920336e-12
2024-11-08,304898.0218739999,0.0006652503623505446
2024-11-11,304958.8891088705,0.00019963145217039013
2024-11-12,304760.4515359701,-0.000650702701207706
2024-11-13,305311.47223322507,0.0018080452843467487
2024-11-14,305154.80744905456,-0.0005131310101929021
2024-11-15,302565.42865750386,-0.008485459603919221
2024-11-18,302934.9253693896,0.0012212125936701401
2024-11-19,302755.33329464495,-0.0005928404409812904
2024-11-20,302776.70280486374,7.058343113652832e-05
2024-11-21,302798.46533861576,7.187651345175183e-05
2024-11-22,304044.5915628549,0.004115365059217169
2024-11-25,306592.1494263765,0.008378895511433448
2024-11-26,308627.75347759214,0.006639452624681352
2024-11-27,308013.0690046458,-0.0019916694659508627
2024-11-29,310344.8715876775,0.00757046637847858
2024-12-02,313310.647966231,0.009556389198187798
2024-12-03,315752.313389171,0.007793113444402255
2024-12-04,317334.55963812716,0.005011036125033952
2024-12-05,318007.1246501966,0.002119419368745712
2024-12-06,318112.3953854643,0.00033103263137124195
2024-12-09,321175.1011647007,0.009627747373770923
2024-12-10,321377.1948812142,0.0006292322031833386
2024-12-11,321701.5928527341,0.0010093994741593448
2024-12-12,322594.36138860835,0.002775144903565785
2024-12-13,322379.31629638316,-0.0006666114413764745
2024-12-16,325545.73776552407,0.009822036678773127
2024-12-17,327592.8713485693,0.006288313270805812
2024-12-18,318970.2960937228,-0.026321010037095083
2024-12-19,320800.5015635626,0.005737855506463996
2024-12-20,324391.4638500999,0.011193755212461243
2024-12-23,324801.94049738784,0.0012653743795110195
2024-12-24,327673.16149181133,0.008839913302324032
2024-12-26,328262.0390612293,0.0017971492286306123
2024-12-27,325594.5253764541,-0.008126171677979688
2024-12-30,322959.01647792186,-0.008094450898660122
2024-12-31,321574.41657564114,-0.0042872309848496215
2025-01-02,316466.01693617145,-0.0158855909430472
2025-01-03,316086.0533266241,-0.0012006458488842409
2025-01-06,316786.0403974373,0.0022145458916842387
2025-01-07,316786.19370752363,4.839546785539994e-07
2025-01-08,316786.19370939845,5.9181548550668595e-12
2025-01-10,316786.19370940054,6.661338147750939e-15
2025-01-13,316786.19370940054,0.0
2025-01-14,316786.19370940054,0.0
2025-01-15,316786.19370940054,0.0
2025-01-16,316786.19370940054,0.0
2025-01-17,316786.19370940054,0.0
2025-01-21,316786.19370940054,0.0
2025-01-22,316827.7472115448,0.00013117207431823097
2025-01-23,317839.1773718357,0.0031923661017467797
2025-01-24,317271.4684690134,-0.0017861514351898977
2025-01-27,315005.6738788182,-0.007141501254836147
2025-01-28,317365.6890102486,0.007491976580517923
2025-01-29,316380.9715093033,-0.003102785004945763
2025-01-30,312771.10059817176,-0.011409886295975946
2025-01-31,312446.24029523734,-0.0010386519160917596
2025-02-03,309755.44679734146,-0.00861202072828049
2025-02-04,314368.6530259962,0.01489305927095752
2025-02-05,314351.7965666083,-5.3620038848123386e-05
2025-02-06,315188.77964687155,0.002662568146277078
2025-02-07,309995.68317228265,-0.01647614639203565
2025-02-10,312192.0442434873,0.0070851343758358
2025-02-11,312239.8915344303,0.0001532623647055864
2025-02-12,312037.03536683205,-0.0006496804959846836
2025-02-13,316361.9570023412,0.013860283060389778
2025-02-14,318816.20276806393,0.007757714577876884
2025-02-18,318897.93122311647,0.0002563497536918202
2025-02-19,319367.7145585274,0.0014731463876516138
2025-02-20,319872.00356693263,0.0015790231304448898
2025-02-21,318560.67095332406,-0.004099554193507826
2025-02-24,319573.2034055064,0.0031784603201399086
2025-02-25,319160.1660562338,-0.0012924655286209452
2025-02-26,313976.1868358641,-0.016242563363801255
2025-02-27,311525.99653569673,-0.0078037456434498775
2025-02-28,315160.63584063,0.01166721026608375
2025-03-03,312110.59449415014,-0.009677735731000947
2025-03-04,310429.17175344646,-0.005387265829373211
2025-03-05,309983.75647874526,-0.0014348370424895895
2025-03-06,309983.85702271725,3.2435238916939113e-07
2025-03-07,309983.8570241469,4.6118664442929e-12
2025-03-10,309983.8570241496,8.881784197001252e-15
2025-03-11,309983.8570241496,0.0
2025-03-12,309983.8570241496,0.0
2025-03-13,309983.8570241496,0.0
2025-03-14,309983.8570241496,0.0
2025-03-17,309983.8570241496,0.0
2025-03-18,309983.8570241496,0.0
2025-03-19,309983.8570241496,0.0
2025-03-20,309983.8570241496,0.0
2025-03-21,309983.8570241496,0.0
2025-03-24,309983.8570241496,0.0
2025-03-25,309983.8570241496,0.0
2025-03-26,309213.71176373283,-0.002484468926253758
2025-03-27,309282.3323530815,0.00022191961979056707
2025-03-28,306258.9179317189,-0.009775580772299008
2025-03-31,306152.5022947764,-0.00034746951259811976
2025-04-01,306202.1972281713,0.0001623208467100845
2025-04-02,307698.8643119442,0.0048878391380635655
2025-04-03,290075.24299979926,-0.057275548779010754
2025-04-04,282124.2754152628,-0.02741001783644792
2025-04-07,282125.22418963414,3.3629660898260028e-06
2025-04-08,282125.2241447216,-1.5919376927797657e-10
2025-04-09,282125.2241447219,1.3322676295501878e-15
2025-04-10,282125.2241447219,0.0
2025-04-11,282125.2241447219,0.0
2025-04-14,282125.2241447219,0.0
2025-04-15,282125.2241447219,0.0
2025-04-16,280770.3421986515,-0.004802413361576607
2025-04-17,280202.44524332276,-0.0020226386835650034
2025-04-21,278918.30499252136,-0.004582901657714911
2025-04-22,279538.4256327495,0.0022233056387057637
2025-04-23,279538.2874916913,-4.94175560694643e-07
2025-04-24,279538.28748964303,-7.32736094022357e-12
2025-04-25,279538.2874896431,2.220446049250313e-16
2025-04-28,279424.23662222805,-0.0004079973031216877
2025-04-29,281041.79609598307,0.005788901826515147
2025-04-30,282247.66022555606,0.004290693221876252
2025-05-01,287465.40947576606,0.018486421627163407
2025-05-02,283473.6217641333,-0.01388614970723745
2025-05-05,278162.9279488174,-0.01873434918658745
2025-05-06,276952.19331314205,-0.004352609618410774
2025-05-07,275440.533301396,-0.00545819837590833
2025-05-08,277506.55935366644,0.007500806172233698
2025-05-09,278660.7497517467,0.004159146366732536
2025-05-12,282157.27424481,0.012547603120203643
2025-05-13,282564.08490509295,0.0014417868948153334
2025-05-14,283168.7277704429,0.0021398433051145194
2025-05-15,283849.2504533662,0.002403240952069341
2025-05-16,284277.4630723133,0.0015085916847168424
2025-05-19,283142.49205034866,-0.003992476257873134
2025-05-20,281404.0159903018,-0.006139933457030344
2025-05-21,276002.4262417783,-0.019195140941803968
2025-05-22,275801.384631546,-0.0007284052280620568
2025-05-23,268990.42182801984,-0.02469517262440568
2025-05-27,271758.21553577663,0.010289562315815015
2025-05-28,270924.59658035333,-0.003067502315541093
2025-05-29,271361.06586182036,0.0016110360114076627
2025-05-30,271519.35932510975,0.0005833315210002077
2025-06-02,272105.62752536393,0.0021592132572476608
2025-06-03,272614.6687123891,0.0018707484724023171
2025-06-04,272720.7516139846,0.0003891313042565514
2025-06-05,272927.6566413436,0.0007586699073485192
2025-06-06,273968.2650823565,0.003812762890425425
2025-06-09,274353.3136019298,0.0014054493481481245
2025-06-10,274475.66579674,0.00044596579936961867
2025-06-11,274520.16248277,0.00016211523123854654
2025-06-12,275641.7901972323,0.004085775355508581
2025-06-13,274362.3422887636,-0.0046417051186365965
2025-06-16,275561.2479976313,0.0043697895960002064
2025-06-17,274843.85685594083,-0.0026033818140374088
2025-06-18,275136.2772429151,0.0010639509659027269
2025-06-20,274398.5787821914,-0.002681211173299558
2025-06-23,276225.7544272923,0.00665883785991217
2025-06-24,277519.4917984269,0.004683623269730708
2025-06-25,277853.69326591335,0.0012042450255320691
2025-06-26,279087.76337898494,0.004441438580737422
2025-06-27,278609.28003845125,-0.0017144547462080162
2025-06-30,282041.22064655775,0.012318113049331503
2025-07-01,283164.6127160647,0.00398307760451333
2025-07-02,286622.7072239128,0.012212311682165078
2025-07-03,289014.15963725257,0.008343555318774953
2025-07-07,285790.4329939032,-0.01115421696776231
2025-07-08,285644.64774338366,-0.000510112423961484
2025-07-09,287803.53445396305,0.007557945607014727
2025-07-10,288620.21891369636,0.0028376456921654913
2025-07-11,287743.2998242547,-0.0030383148233418256
2025-07-14,286027.9395859113,-0.005961425476774251
2025-07-15,286467.5966153123,0.001537112178752409
2025-07-16,287414.88045627705,0.0033067748400070762
2025-07-17,288570.61167455156,0.0040211251986665975
2025-07-18,289117.75769018417,0.0018960559166352198
2025-07-21,290172.76571651717,0.003649059935860288
2025-07-22,290889.03446918627,0.002468421703533785
2025-07-23,291381.5612848727,0.001693177663383505
2025-07-24,291816.6234096077,0.0014931010830490088
2025-07-25,292584.9699912298,0.002632977424811278
2025-07-28,292521.53122202295,-0.00021682169527970085
2025-07-29,290371.8687832619,-0.007348732347259079
2025-07-30,288799.03204585455,-0.005416629179672228
2025-07-31,290269.63522079104,0.005092133323712167
2025-08-01,290151.7105018342,-0.000406259231583439
2025-08-04,292774.9764792678,0.009041015036225453
2025-08-05,291338.9280825089,-0.004904956065671873
2025-08-06,291481.6393384397,0.0004898461625779671
2025-08-07,291284.7060476202,-0.0006756284590221373
2025-08-08,291449.58423404326,0.0005660379106759983
2025-08-11,290713.7565163008,-0.002524716992396092
2025-08-12,294106.2118955175,0.011669400925052198
2025-08-13,295574.6195847799,0.004992780260568264
2025-08-14,295481.5693390974,-0.0003148113522507545
2025-08-15,294216.4952098468,-0.004281397760544592
2025-08-18,293318.492986191,-0.00305218177184563
2025-08-19,291712.4930561849,-0.005475276767093251
2025-08-20,288535.3255233932,-0.01089143457486319
2025-08-21,287525.19103344023,-0.003500904050901421
2025-08-22,290474.45845348894,0.010257422695549856
2025-08-25,289769.2922624653,-0.002427635788626703
2025-08-26,291476.98026699905,0.00589326767926468
2025-08-27,292413.6525947528,0.0032135379160842525
2025-08-28,294024.8027688685,0.005509832252424074
2025-08-29,293323.820881228,-0.0023840910053820608
2025-09-02,291209.8024348686,-0.007207114785319213
2025-09-03,297338.96533543814,0.02104724102458877
2025-09-04,298790.11388965667,0.0048804520207481605
2025-09-05,298524.64649288706,-0.0008884744990848015
2025-09-08,297510.25463887287,-0.00339801710154064
2025-09-09,295355.1113865389,-0.007243929305730812
2025-09-10,290594.15758852725,-0.01611942239855424
2025-09-11,293317.48950299947,0.00937159899246276
2025-09-12,295947.4336111371,0.008966202842503046
2025-09-15,298059.93522985524,0.007138097441635072
2025-09-16,298912.6060771652,0.002860736202778824
2025-09-17,299278.6189580757,0.0012244812479269562
2025-09-18,298671.8118947401,-0.00202756570264917
2025-09-19,305136.04777766333,0.021643274073689378
2025-09-22,311954.32912192825,0.022345053604525322
2025-09-23,309756.0305013692,-0.007046860438663205
2025-09-24,308257.8982700217,-0.00483649092778804
2025-09-25,310491.10783132754,0.007244614246184167
2025-09-26,310586.10332244966,0.0003059523726320901
2025-09-29,310544.12704964343,-0.00013515180607626132
2025-09-30,311408.83479338913,0.002784492342395639
2025-10-01,312438.348101832,0.0033059861937632107
2025-10-02,313082.18431022845,0.0020606824108115873
2025-10-03,313886.44114469807,0.002568836154767329
2025-10-06,314814.46320227225,0.0029565535044770996
2025-10-07,313774.1934993629,-0.003304389805753427
2025-10-08,315369.2653496085,0.005083502350708313
2025-10-09,312178.4124669672,-0.010117830851728793
2025-10-10,302857.12447266944,-0.029858848728959053
2025-10-13,305950.66916866536,0.010214534993628899
2025-10-14,305868.38891091064,-0.00026893308642961244
2025-10-15,307431.5667701986,0.005110622463648129
2025-10-16,307300.9826506177,-0.0004247583322453119
2025-10-17,307301.0164981942,1.1014470624459705e-07
2025-10-20,307301.01649663725,-5.066502772876902e-12
2025-10-21,307301.01649663714,-3.3306690738754696e-16
2025-10-22,304176.3004206477,-0.01016825818414957
2025-10-23,305312.26685563265,0.0037345658863428
2025-10-24,308026.43267053843,0.00888980270219264
2025-10-27,313696.11211222387,0.01840647048543942
2025-10-28,315430.4594952428,0.005528750010132422
2025-10-29,315833.3426894931,0.0012772488582586394
2025-10-30,313948.82399609964,-0.005966813628180412
2025-10-31,312479.63904795377,-0.004679695656907845
2025-11-03,311690.92372817756,-0.0025240534781056922
2025-11-04,311064.1602262015,-0.002010849383996316
2025-11-05,310417.42810357775,-0.002079095586432933
2025-11-06,309180.6703903824,-0.003984176148713714
2025-11-07,308441.22441205353,-0.002391630684399626
2025-11-10,310342.292881366,0.006163470764766421
2025-11-11,314146.4386553076,0.01225790316434816
2025-11-12,313075.8986690279,-0.0034077737467343994
2025-11-13,311517.6742856128,-0.004977145765737712
2025-11-14,311168.20248022827,-0.0011218362045941621
2025-11-17,307396.4295127006,-0.012121331606070318
2025-11-18,306980.56567983807,-0.0013528583709373487
2025-11-19,307679.9384182333,0.0022782313168470125
2025-11-20,306237.42439081194,-0.00468835906181353
2025-11-21,306016.3619849789,-0.0007218660693505408
2025-11-24,306016.3953868846,1.0915071824157963e-07
2025-11-25,306016.3953905961,1.212852041021506e-11
2025-11-26,306337.1780360205,0.0010482531336757361
2025-11-28,307115.85142343753,0.002541883399231004
2025-12-01,309803.59761637496,0.00875157104551949
2025-12-02,311789.22653623304,0.00640931524080246
2025-12-03,310816.9491750357,-0.003118380233976259
2025-12-04,308802.67196301004,-0.006480589997977626
2025-12-05,307789.3367055708,-0.003281497698830238
2025-12-08,307037.4778646043,-0.0024427709192722524
2025-12-09,306549.546633039,-0.001589158544939795
2025-12-10,307988.7731129095,0.004694922878464958
2025-12-11,307709.167343216,-0.0009078440323244674
2025-12-12,307073.0704655956,-0.0020672015823011147
2025-12-15,304464.54471592454,-0.008494804659086141
2025-12-16,304566.58925457485,0.00033516066294514424
2025-12-17,302114.1735695222,-0.008052149420115007
2025-12-18,303676.9572289797,0.005172824700651946
2025-12-19,303675.2885196053,-5.495014799961062e-06
2025-12-22,303675.25153060054,-1.218044607398383e-07
2025-12-23,303675.2515314204,2.6998403512834557e-12
2025-12-24,303989.0600821558,0.0010333688674097896
2025-12-26,303897.0348708922,-0.00030272540478515353
2025-12-29,303556.1120956571,-0.0011218364647088697
2025-12-30,303522.0122752353,-0.00011233448796788004
2025-12-31,302453.22981386806,-0.0035212683698145897
